状态,代码,名称,数据日期,当前PE分位,当前PB分位,PE达标阈值,PE实际胜率,PB达标阈值,PB实际胜率,接近度,差距描述
达标,950580,上证580,2026-07-23,0.7%,16.4%,5,100.0%,5,100.0%,100.00%,
达标,932456,科创创业AI,2026-07-23,5.8%,87.6%,10,100.0%,5,100.0%,100.00%,
达标,399804,中证体育,2026-07-23,10.4%,15.2%,30,85.7%,5,66.7%,85.71%,
达标,930901,动漫游戏,2026-07-23,5.4%,47.2%,20,85.7%,5,100.0%,85.71%,
达标,931646,SHS新消费人民币,2026-07-23,7.2%,1.8%,,,5,80.0%,80.00%,
达标,930738,四川国改,2026-07-23,47.4%,8.4%,,,10,73.3%,73.33%,
达标,930720,CS互医疗,2026-07-23,30.4%,1.2%,25,91.7%,5,71.4%,71.43%,
达标,399275,创医药,2026-07-23,96.4%,5.4%,5,70.8%,10,70.6%,70.59%,
达标,HSCGSI,恒生消费指数,2026-07-23,2.2%,9.8%,5,66.7%,,,66.67%,
未达标,000989,全指可选,2026-07-23,20.8%,16.4%,5,100.0%,15,100.0%,90.67%,PE需从20.8%降至<5%（差15.8pp，达标概率100%）; PB需从16.4%降至<15%（差1.4pp，达标概率100%）
未达标,H11052,智能电车,2026-07-23,54.2%,65.2%,,,50,83.3%,69.60%,PB需从65.2%降至<50%（差15.2pp，达标概率83%）
未达标,H30015,800汽车,2026-07-23,48.8%,23.4%,35,70.0%,,,60.57%,PE需从48.8%降至<35%（差13.8pp，达标概率70%）
未达标,931028,港股通非银人民币,2026-07-23,7.0%,70.9%,5,100.0%,,,59.80%,PE需从7.0%降至<5%（差2.0pp，达标概率100%）
未达标,930651,CS计算机,2026-07-23,23.6%,67.4%,15,66.7%,5,66.7%,42.67%,PE需从23.6%降至<15%（差8.6pp，达标概率67%）; PB需从67.4%降至<5%（差62.4pp，达标概率67%）
未达标,HSHCI,恒生医疗保健,2026-07-23,24.2%,53.2%,15,100.0%,,,38.67%,PE需从24.2%降至<15%（差9.2pp，达标概率100%）
未达标,399699,金融科技,2026-07-23,8.8%,19.6%,5,100.0%,,,24.00%,PE需从8.8%降至<5%（差3.8pp，达标概率100%）
未达标,931403,品牌工程,2026-07-23,68.8%,55.4%,15,100.0%,30,85.7%,15.33%,PE需从68.8%降至<15%（差53.8pp，达标概率100%）; PB需从55.4%降至<30%（差25.4pp，达标概率86%）
未达标,931008,汽车指数,2026-07-23,46.2%,29.2%,25,100.0%,,,15.20%,PE需从46.2%降至<25%（差21.2pp，达标概率100%）
未达标,399417,新能源车,2026-07-23,39.0%,48.8%,,,25,71.4%,4.80%,PB需从48.8%降至<25%（差23.8pp，达标概率71%）
未达标,930850,智能制造,2026-07-23,97.6%,98.8%,50,87.5%,10,75.0%,4.80%,PE需从97.6%降至<50%（差47.6pp，达标概率88%）; PB需从98.8%降至<10%（差88.8pp，达标概率75%）
未达标,980027,新能源电池,2026-07-23,75.6%,78.4%,,,40,66.7%,4.00%,PB需从78.4%降至<40%（差38.4pp，达标概率67%）
未达标,H30535,互联网,2026-07-23,88.6%,98.8%,45,100.0%,30,100.0%,3.11%,PE需从88.6%降至<45%（差43.6pp，达标概率100%）; PB需从98.8%降至<30%（差68.8pp，达标概率100%）
未达标,000699,科创200,2026-07-23,1.7%,52.2%,,,5,100.0%,0.00%,PB需从52.2%降至<5%（差47.2pp，达标概率100%）
未达标,931144,通信技术,2026-07-23,94.4%,97.2%,5,100.0%,5,100.0%,0.00%,PE需从94.4%降至<5%（差89.4pp，达标概率100%）; PB需从97.2%降至<5%（差92.2pp，达标概率100%）
未达标,931009,建筑材料,2026-07-23,97.0%,1.4%,,,,,0.00%,历史数据中无任何条件能达到65%胜率
未达标,932138,电子行业,2026-07-23,82.6%,93.6%,5,91.7%,,,0.00%,PE需从82.6%降至<5%（差77.6pp，达标概率92%）
未达标,950333,智选创新价值,2026-07-23,92.7%,94.8%,,,,,0.00%,历史数据中无任何条件能达到65%胜率
未达标,931238,SSH黄金股票,2026-07-23,28.2%,86.4%,,,,,0.00%,历史数据中无任何条件能达到65%胜率
未达标,950162,科创芯片设计,2026-07-23,22.2%,92.5%,5,76.9%,5,100.0%,0.00%,PE需从22.2%降至<5%（差17.2pp，达标概率77%）; PB需从92.5%降至<5%（差87.5pp，达标概率100%）
未达标,930986,金融科技,2026-07-23,28.0%,28.4%,5,100.0%,,,0.00%,PE需从28.0%降至<5%（差23.0pp，达标概率100%）
未达标,932367,500现金流,2026-07-23,93.4%,6.6%,,,,,0.00%,历史数据中无任何条件能达到65%胜率
未达标,980080,成长100,2026-07-23,79.7%,77.8%,,,,,0.00%,历史数据中无任何条件能达到65%胜率
未达标,980076,通用航空,2026-07-23,76.4%,73.2%,,,,,0.00%,历史数据中无任何条件能达到65%胜率
未达标,000009,上证380,2026-07-23,90.0%,73.2%,,,,,0.00%,历史数据中无任何条件能达到65%胜率
未达标,931591,1000成长创新,2026-07-23,35.0%,20.4%,5,71.4%,5,66.7%,0.00%,PE需从35.0%降至<5%（差30.0pp，达标概率71%）; PB需从20.4%降至<5%（差15.4pp，达标概率67%）
未达标,000847,腾讯济安,2026-07-23,78.4%,80.8%,,,,,0.00%,历史数据中无任何条件能达到65%胜率
未达标,931079,5G通信,2026-07-23,96.6%,96.8%,10,100.0%,,,0.00%,PE需从96.6%降至<10%（差86.6pp，达标概率100%）
未达标,931087,科技龙头,2026-07-23,98.2%,98.4%,5,100.0%,,,0.00%,PE需从98.2%降至<5%（差93.2pp，达标概率100%）
未达标,H30318,科技传媒通信150,2026-07-23,96.8%,99.0%,,,5,83.3%,0.00%,PB需从99.0%降至<5%（差94.0pp，达标概率83%）
未达标,950125,科创半导体材料设备,2026-07-23,94.6%,94.6%,5,100.0%,5,100.0%,0.00%,PE需从94.6%降至<5%（差89.6pp，达标概率100%）; PB需从94.6%降至<5%（差89.6pp，达标概率100%）
未达标,980032,新能电池,2026-07-23,33.6%,29.4%,,,,,0.00%,历史数据中无任何条件能达到65%胜率
未达标,000998,中证TMT,2026-07-23,78.8%,95.4%,,,,,0.00%,历史数据中无任何条件能达到65%胜率
未达标,930875,空天一体,2026-07-23,66.4%,43.0%,,,,,0.00%,历史数据中无任何条件能达到65%胜率
未达标,399973,中证国防,2026-07-23,57.8%,27.2%,,,5,66.7%,0.00%,PB需从27.2%降至<5%（差22.2pp，达标概率67%）
未达标,H30537,淘金100,2026-07-23,72.0%,23.6%,,,,,0.00%,历史数据中无任何条件能达到65%胜率
未达标,931027,港股通大消费港元,2026-07-23,26.4%,9.6%,,,,,0.00%,历史数据中无任何条件能达到65%胜率
未达标,000510,中证A500,2026-07-23,86.0%,74.9%,,,,,0.00%,历史数据中无任何条件能达到65%胜率
未达标,931136,深圳科技人民币,2026-07-23,91.2%,29.6%,5,94.4%,10,92.9%,0.00%,PE需从91.2%降至<5%（差86.2pp，达标概率94%）; PB需从29.6%降至<10%（差19.6pp，达标概率93%）
未达标,931648,500ESG,2026-07-23,90.4%,88.6%,20,77.8%,5,72.7%,0.00%,PE需从90.4%降至<20%（差70.4pp，达标概率78%）; PB需从88.6%降至<5%（差83.6pp，达标概率73%）
未达标,931743,半导体材料设备,2026-07-23,97.0%,97.0%,,,,,0.00%,历史数据中无任何条件能达到65%胜率
未达标,399416,i300,2026-07-23,73.0%,30.2%,,,,,0.00%,历史数据中无任何条件能达到65%胜率
未达标,399088,深创100,2026-07-23,76.0%,76.0%,,,,,0.00%,历史数据中无任何条件能达到65%胜率
未达标,000698,科创100,2026-07-23,15.0%,90.4%,,,5,95.8%,0.00%,PB需从90.4%降至<5%（差85.4pp，达标概率96%）
未达标,H30533,中国互联网50人民币,2026-07-23,4.6%,3.2%,,,,,0.00%,历史数据中无任何条件能达到65%胜率
未达标,399992,CSWD并购,2026-07-23,33.0%,14.8%,,,,,0.00%,历史数据中无任何条件能达到65%胜率
未达标,931230,汽车零部件,2026-07-23,19.0%,57.2%,5,79.2%,5,76.2%,0.00%,PE需从19.0%降至<5%（差14.0pp，达标概率79%）; PB需从57.2%降至<5%（差52.2pp，达标概率76%）
未达标,980048,国证建材,2026-07-23,96.0%,68.8%,,,,,0.00%,历史数据中无任何条件能达到65%胜率
未达标,H30184,半导体,2026-07-23,96.4%,97.2%,,,10,71.4%,0.00%,PB需从97.2%降至<10%（差87.2pp，达标概率71%）
未达标,H11136,中国互联网,2026-07-23,6.2%,2.8%,,,,,0.00%,历史数据中无任何条件能达到65%胜率
未达标,399959,军工指数,2026-07-23,8.0%,20.2%,,,,,0.00%,历史数据中无任何条件能达到65%胜率
未达标,931033,杭州湾区,2026-07-23,33.4%,32.6%,,,,,0.00%,历史数据中无任何条件能达到65%胜率
未达标,930721,CS智汽车,2026-07-23,6.2%,25.8%,,,10,69.2%,0.00%,PB需从25.8%降至<10%（差15.8pp，达标概率69%）
未达标,930910,农牧渔,2026-07-23,89.2%,3.4%,,,,,0.00%,历史数据中无任何条件能达到65%胜率
未达标,399296,创成长,2026-07-23,49.6%,70.6%,,,,,0.00%,历史数据中无任何条件能达到65%胜率
未达标,950180,科创AI,2026-07-23,90.9%,94.8%,5,100.0%,5,100.0%,0.00%,PE需从90.9%降至<5%（差85.9pp，达标概率100%）; PB需从94.8%降至<5%（差89.8pp，达标概率100%）
未达标,931494,消费电子,2026-07-23,95.2%,97.0%,25,70.0%,,,0.00%,PE需从95.2%降至<25%（差70.2pp，达标概率70%）
未达标,931521,高装细分50,2026-07-23,77.0%,21.2%,,,,,0.00%,历史数据中无任何条件能达到65%胜率
未达标,H11059,工业有色,2026-07-23,30.6%,89.4%,,,,,0.00%,历史数据中无任何条件能达到65%胜率
未达标,995066,专精特新,2026-07-23,95.8%,86.4%,15,70.6%,5,91.7%,0.00%,PE需从95.8%降至<15%（差80.8pp，达标概率71%）; PB需从86.4%降至<5%（差81.4pp，达标概率92%）
未达标,H30007,芯片产业,2026-07-23,97.2%,99.0%,,,15,83.3%,0.00%,PB需从99.0%降至<15%（差84.0pp，达标概率83%）
未达标,HSCAAI,恒生沪深港汽车主题指数,2026-07-23,25.6%,12.4%,5,100.0%,5,100.0%,0.00%,PE需从25.6%降至<5%（差20.6pp，达标概率100%）; PB需从12.4%降至<5%（差7.4pp，达标概率100%）
未达标,399550,央视50,2026-07-23,78.2%,19.4%,,,,,0.00%,历史数据中无任何条件能达到65%胜率
未达标,000985,中证全指,2026-07-23,90.4%,52.6%,10,72.7%,,,0.00%,PE需从90.4%降至<10%（差80.4pp，达标概率73%）
未达标,931235,中证电信,2026-07-23,94.6%,94.8%,,,,,0.00%,历史数据中无任何条件能达到65%胜率
未达标,000993,全指信息,2026-07-23,84.6%,99.0%,20,80.0%,5,75.0%,0.00%,PE需从84.6%降至<20%（差64.6pp，达标概率80%）; PB需从99.0%降至<5%（差94.0pp，达标概率75%）
未达标,931454,港股通消费港元,2026-07-23,2.0%,2.2%,,,,,0.00%,历史数据中无任何条件能达到65%胜率
未达标,932087,集成电路,2026-07-23,71.3%,96.2%,,,,,0.00%,历史数据中无任何条件能达到65%胜率
未达标,931159,创新100,2026-07-23,68.6%,81.8%,,,,,0.00%,历史数据中无任何条件能达到65%胜率
未达标,930794,中美互联网人民币,2026-07-22,50.0%,27.2%,,,,,0.00%,历史数据中无任何条件能达到65%胜率
未达标,399806,环境治理,2026-07-23,21.2%,19.6%,5,71.4%,,,0.00%,PE需从21.2%降至<5%（差16.2pp，达标概率71%）
未达标,399970,移动互联,2026-07-23,86.0%,74.4%,15,100.0%,,,0.00%,PE需从86.0%降至<15%（差71.0pp，达标概率100%）
未达标,930707,中证畜牧,2026-07-23,88.6%,1.2%,,,,,0.00%,历史数据中无任何条件能达到65%胜率
未达标,932094,软件开发,2026-07-23,19.2%,22.6%,,,5,100.0%,0.00%,PB需从22.6%降至<5%（差17.6pp，达标概率100%）
未达标,399995,基建工程,2026-07-23,75.6%,1.6%,,,,,0.00%,历史数据中无任何条件能达到65%胜率
未达标,399368,国证军工,2026-07-23,41.0%,39.4%,,,,,0.00%,历史数据中无任何条件能达到65%胜率
未达标,399998,中证煤炭,2026-07-23,91.2%,94.2%,,,,,0.00%,历史数据中无任何条件能达到65%胜率
未达标,H30124,安中动态,2026-07-23,96.6%,74.2%,,,,,0.00%,历史数据中无任何条件能达到65%胜率
未达标,931855,通用航空,2026-07-23,4.1%,1.6%,,,,,0.00%,历史数据中无任何条件能达到65%胜率
未达标,399990,煤炭等权,2026-07-23,87.4%,90.4%,,,,,0.00%,历史数据中无任何条件能达到65%胜率
未达标,399264,创业软件,2026-07-23,9.4%,3.5%,,,,,0.00%,历史数据中无任何条件能达到65%胜率
未达标,930598,稀土产业,2026-07-23,34.8%,72.4%,,,5,87.5%,0.00%,PB需从72.4%降至<5%（差67.4pp，达标概率88%）
未达标,399983,地产等权,2026-07-23,16.2%,1.0%,,,,,0.00%,历史数据中无任何条件能达到65%胜率
未达标,399965,800地产,2026-07-23,17.4%,1.0%,,,,,0.00%,历史数据中无任何条件能达到65%胜率
未达标,995206,沪深港汽车制造,2026-07-23,50.0%,50.0%,,,,,0.00%,历史数据中无任何条件能达到65%胜率
未达标,931165,新兴科技100,2026-07-23,92.0%,98.0%,10,100.0%,5,100.0%,0.00%,PE需从92.0%降至<10%（差82.0pp，达标概率100%）; PB需从98.0%降至<5%（差93.0pp，达标概率100%）
未达标,000906,中证800,2026-07-23,93.4%,56.8%,,,,,0.00%,历史数据中无任何条件能达到65%胜率
未达标,399996,智能家居,2026-07-23,87.6%,95.8%,10,100.0%,,,0.00%,PE需从87.6%降至<10%（差77.6pp，达标概率100%）
未达标,000969,300非周,2026-07-23,81.0%,62.0%,,,,,0.00%,历史数据中无任何条件能达到65%胜率
未达标,000001,上证指数,2026-07-23,93.0%,52.0%,,,,,0.00%,历史数据中无任何条件能达到65%胜率
未达标,980030,消费电子,2026-07-23,85.2%,92.0%,20,71.4%,,,0.00%,PE需从85.2%降至<20%（差65.2pp，达标概率71%）
未达标,HSSCITI,恒生港股通科技主题指数,2026-07-23,22.2%,14.6%,,,5,65.2%,0.00%,PB需从14.6%降至<5%（差9.6pp，达标概率65%）
未达标,989006,新华新兴消费,2026-07-23,7.0%,2.2%,,,,,0.00%,历史数据中无任何条件能达到65%胜率
未达标,000905,中证500,2026-07-23,89.4%,79.0%,10,88.9%,,,0.00%,PE需从89.4%降至<10%（差79.4pp，达标概率89%）
未达标,H30094,消费红利,2026-07-23,2.8%,1.0%,,,,,0.00%,历史数据中无任何条件能达到65%胜率
未达标,000904,中证200,2026-07-23,94.0%,49.6%,,,,,0.00%,历史数据中无任何条件能达到65%胜率
未达标,399814,大农业,2026-07-23,26.4%,5.4%,,,,,0.00%,历史数据中无任何条件能达到65%胜率
未达标,930625,SHS互联网人民币,2026-07-23,4.6%,1.8%,,,,,0.00%,历史数据中无任何条件能达到65%胜率
未达标,932061,均衡配置,2026-07-23,92.4%,82.8%,,,,,0.00%,历史数据中无任何条件能达到65%胜率
未达标,000066,上证商品,2026-07-23,57.4%,96.2%,,,,,0.00%,历史数据中无任何条件能达到65%胜率
未达标,399377,小盘价值,2026-07-23,70.4%,60.4%,,,,,0.00%,历史数据中无任何条件能达到65%胜率
未达标,000949,中证农业,2026-07-23,63.2%,12.4%,,,,,0.00%,历史数据中无任何条件能达到65%胜率
未达标,950048,G60综指,2026-07-23,91.0%,49.8%,10,100.0%,,,0.00%,PE需从91.0%降至<10%（差81.0pp，达标概率100%）
未达标,399303,国证2000,2026-07-23,70.2%,50.8%,,,,,0.00%,历史数据中无任何条件能达到65%胜率
未达标,931994,电网设备主题,2026-07-23,85.4%,85.8%,,,,,0.00%,历史数据中无任何条件能达到65%胜率
未达标,930939,500质量成长,2026-07-23,82.0%,48.2%,,,,,0.00%,历史数据中无任何条件能达到65%胜率
未达标,000858,500信息,2026-07-23,81.4%,99.0%,,,,,0.00%,历史数据中无任何条件能达到65%胜率
未达标,H30178,医疗保健,2026-07-23,40.2%,1.0%,,,,,0.00%,历史数据中无任何条件能达到65%胜率
未达标,930608,中证基建,2026-07-23,51.2%,2.4%,,,,,0.00%,历史数据中无任何条件能达到65%胜率
未达标,932052,央企科技创新,2026-07-23,92.4%,88.0%,,,,,0.00%,历史数据中无任何条件能达到65%胜率
未达标,000979,大宗商品,2026-07-23,57.0%,95.2%,,,,,0.00%,历史数据中无任何条件能达到65%胜率
未达标,399365,国证粮食,2026-07-23,33.4%,18.8%,,,,,0.00%,历史数据中无任何条件能达到65%胜率
未达标,399634,中小等权,2026-07-23,56.2%,32.8%,,,,,0.00%,历史数据中无任何条件能达到65%胜率
未达标,931468,红利质量,2026-07-23,33.0%,23.6%,,,,,0.00%,历史数据中无任何条件能达到65%胜率
未达标,399958,创业成长,2021-01-29,49.6%,93.4%,,,,,0.00%,历史数据中无任何条件能达到65%胜率
未达标,931476,ESG120策略,2026-07-23,86.6%,81.2%,,,,,0.00%,历史数据中无任何条件能达到65%胜率
未达标,931052,国信价值,2026-07-23,90.2%,86.4%,,,,,0.00%,历史数据中无任何条件能达到65%胜率
未达标,931637,港股通互联网,2026-07-23,5.2%,2.2%,,,,,0.00%,历史数据中无任何条件能达到65%胜率
未达标,399412,国证新能,2026-07-23,65.0%,53.2%,,,25,69.2%,0.00%,PB需从53.2%降至<25%（差28.2pp，达标概率69%）
未达标,970070,创业板人工智能,2026-07-23,37.2%,89.8%,5,100.0%,5,100.0%,0.00%,PE需从37.2%降至<5%（差32.2pp，达标概率100%）; PB需从89.8%降至<5%（差84.8pp，达标概率100%）
未达标,000984,300等权,2026-07-23,91.4%,49.2%,,,,,0.00%,历史数据中无任何条件能达到65%胜率
未达标,399811,CSSW电子,2026-07-23,97.8%,99.2%,35,85.7%,,,0.00%,PE需从97.8%降至<35%（差62.8pp，达标概率86%）
未达标,399624,中创400,2026-07-23,74.4%,50.2%,5,91.7%,,,0.00%,PE需从74.4%降至<5%（差69.4pp，达标概率92%）
未达标,980034,工业软件,2026-07-23,77.0%,77.0%,,,,,0.00%,历史数据中无任何条件能达到65%胜率
未达标,399610,TMT50,2026-07-23,88.0%,98.6%,15,90.0%,,,0.00%,PE需从88.0%降至<15%（差73.0pp，达标概率90%）
未达标,931470,SHS云计算人民币,2026-07-23,32.0%,19.2%,,,,,0.00%,历史数据中无任何条件能达到65%胜率
未达标,000044,上证中盘,2026-07-23,56.8%,40.2%,,,,,0.00%,历史数据中无任何条件能达到65%胜率
未达标,H30373,百发100,2026-07-23,36.0%,25.8%,,,,,0.00%,历史数据中无任何条件能达到65%胜率
未达标,930697,家用电器,2026-07-23,26.8%,1.8%,5,80.0%,,,0.00%,PE需从26.8%降至<5%（差21.8pp，达标概率80%）
未达标,AU9999,黄金9999,2026-07-24,50.0%,50.0%,,,,,0.00%,历史数据中无任何条件能达到65%胜率
未达标,995067,价值50,2026-07-23,82.4%,13.8%,,,,,0.00%,历史数据中无任何条件能达到65%胜率
未达标,995082,龙头红利50,2026-07-23,95.2%,67.5%,,,,,0.00%,历史数据中无任何条件能达到65%胜率
未达标,980022,机器人产业,2026-07-23,77.2%,77.0%,5,100.0%,10,100.0%,0.00%,PE需从77.2%降至<5%（差72.2pp，达标概率100%）; PB需从77.0%降至<10%（差67.0pp，达标概率100%）
未达标,950090,50AH优选人民币,2026-07-23,86.2%,54.6%,,,,,0.00%,历史数据中无任何条件能达到65%胜率
未达标,000982,500等权,2026-07-23,89.4%,79.0%,10,88.9%,,,0.00%,PE需从89.4%降至<10%（差79.4pp，达标概率89%）
未达标,931583,SHS数字经济,2026-07-23,44.6%,34.0%,,,,,0.00%,历史数据中无任何条件能达到65%胜率
未达标,000300,沪深300,2026-07-23,90.0%,49.0%,,,,,0.00%,历史数据中无任何条件能达到65%胜率
未达标,399440,国证钢铁,2026-07-23,72.2%,30.2%,,,,,0.00%,历史数据中无任何条件能达到65%胜率
未达标,399005,中小100,2026-07-23,56.4%,33.0%,,,,,0.00%,历史数据中无任何条件能达到65%胜率
未达标,399001,深证成指,2026-07-23,94.4%,58.8%,,,,,0.00%,历史数据中无任何条件能达到65%胜率
未达标,HSIII,恒生互联网科技业,2026-07-23,29.0%,14.0%,,,,,0.00%,历史数据中无任何条件能达到65%胜率
未达标,995127,沪港深红利100,2026-07-23,50.0%,50.0%,,,,,0.00%,历史数据中无任何条件能达到65%胜率
未达标,H30192,食品,2026-07-23,29.9%,12.0%,5,79.2%,5,81.2%,0.00%,PE需从29.9%降至<5%（差24.9pp，达标概率79%）; PB需从12.0%降至<5%（差7.0pp，达标概率81%）
未达标,399295,创价值,2026-07-23,44.0%,63.8%,,,,,0.00%,历史数据中无任何条件能达到65%胜率
未达标,930758,凤凰50,2026-07-23,62.8%,68.0%,,,,,0.00%,历史数据中无任何条件能达到65%胜率
未达标,000805,A股资源,2026-07-23,55.8%,95.6%,,,,,0.00%,历史数据中无任何条件能达到65%胜率
未达标,000861,央企创新,2026-07-23,80.4%,93.4%,,,,,0.00%,历史数据中无任何条件能达到65%胜率
未达标,HSSCNE,恒生港股通新经济指数,2026-07-23,18.2%,23.0%,,,,,0.00%,历史数据中无任何条件能达到65%胜率
未达标,NDXTMC,纳斯达克科技市值加权,2026-07-22,50.0%,50.0%,,,,,0.00%,历史数据中无任何条件能达到65%胜率
未达标,930652,CS电子,2026-07-23,98.6%,99.0%,25,87.5%,,,0.00%,PE需从98.6%降至<25%（差73.6pp，达标概率88%）
未达标,931524,SHS科技龙头,2026-07-23,83.0%,67.8%,,,,,0.00%,历史数据中无任何条件能达到65%胜率
未达标,000860,结构调整,2026-07-23,77.6%,89.2%,,,,,0.00%,历史数据中无任何条件能达到65%胜率
未达标,000069,消费80,2026-07-23,26.6%,8.2%,5,80.0%,,,0.00%,PE需从26.6%降至<5%（差21.6pp，达标概率80%）
未达标,930713,CS人工智,2026-07-23,84.6%,98.6%,20,100.0%,5,100.0%,0.00%,PE需从84.6%降至<20%（差64.6pp，达标概率100%）; PB需从98.6%降至<5%（差93.6pp，达标概率100%）
未达标,HSHYLV,恒生港股通高股息低波动指数,2026-07-23,93.4%,90.6%,,,,,0.00%,历史数据中无任何条件能达到65%胜率
未达标,931372,浙江国资,2026-07-23,25.0%,17.4%,,,,,0.00%,历史数据中无任何条件能达到65%胜率
未达标,399976,CS新能车,2026-07-23,25.4%,26.4%,,,5,90.9%,0.00%,PB需从26.4%降至<5%（差21.4pp，达标概率91%）
未达标,931357,优选消费50,2026-07-23,2.4%,2.0%,,,,,0.00%,历史数据中无任何条件能达到65%胜率
未达标,H30217,医疗器械,2026-07-23,54.0%,1.2%,,,,,0.00%,历史数据中无任何条件能达到65%胜率
未达标,000859,国企一带一路,2026-07-23,13.4%,3.2%,,,,,0.00%,历史数据中无任何条件能达到65%胜率
未达标,000010,上证180,2026-07-23,84.0%,42.4%,,,,,0.00%,历史数据中无任何条件能达到65%胜率
未达标,000971,等权90,2026-07-23,87.0%,74.2%,,,,,0.00%,历史数据中无任何条件能达到65%胜率
未达标,NDX100,纳斯达克100,2026-07-23,50.0%,50.0%,,,,,0.00%,历史数据中无任何条件能达到65%胜率
未达标,H30182,计算机,2026-07-23,89.4%,26.4%,,,,,0.00%,历史数据中无任何条件能达到65%胜率
未达标,931755,SEEE碳中和,2026-07-23,71.2%,46.0%,,,,,0.00%,历史数据中无任何条件能达到65%胜率
未达标,930997,新能源车,2026-07-23,34.2%,42.8%,,,20,80.0%,0.00%,PB需从42.8%降至<20%（差22.8pp，达标概率80%）
未达标,SPSIBI,标普生物科技精选行业指数,2026-07-22,50.0%,50.0%,,,,,0.00%,历史数据中无任何条件能达到65%胜率
未达标,HSFML25,恒生中国(香港上市)30指数,2026-07-23,61.0%,47.2%,,,,,0.00%,历史数据中无任何条件能达到65%胜率
未达标,399415,i100,2026-07-23,34.8%,32.0%,,,,,0.00%,历史数据中无任何条件能达到65%胜率
未达标,H30590,机器人,2026-07-23,59.6%,81.4%,5,100.0%,15,100.0%,0.00%,PE需从59.6%降至<5%（差54.6pp，达标概率100%）; PB需从81.4%降至<15%（差66.4pp，达标概率100%）
未达标,931248,油气资源,2026-07-23,88.6%,80.6%,,,,,0.00%,历史数据中无任何条件能达到65%胜率
未达标,930782,500SNLV,2026-07-23,53.6%,72.0%,,,,,0.00%,历史数据中无任何条件能达到65%胜率
未达标,999102,华证ESG领先,2026-07-23,66.2%,57.6%,,,,,0.00%,历史数据中无任何条件能达到65%胜率
未达标,980081,价值100,2026-07-23,74.9%,72.5%,,,,,0.00%,历史数据中无任何条件能达到65%胜率
未达标,931233,港股通央企红利,2026-07-23,94.6%,81.8%,,,,,0.00%,历史数据中无任何条件能达到65%胜率
未达标,SPX,标普500,2026-07-22,64.4%,98.0%,,,,,0.00%,历史数据中无任何条件能达到65%胜率
未达标,931395,沪港深300,2026-07-23,80.2%,68.6%,,,,,0.00%,历史数据中无任何条件能达到65%胜率
未达标,000823,800有色,2026-07-23,23.6%,93.0%,,,15,71.4%,0.00%,PB需从93.0%降至<15%（差78.0pp，达标概率71%）
未达标,000935,800信息,2026-07-23,97.6%,98.8%,20,80.0%,5,80.0%,0.00%,PE需从97.6%降至<20%（差77.6pp，达标概率80%）; PB需从98.8%降至<5%（差93.8pp，达标概率80%）
未达标,930914,港股通高股息港元,2026-07-23,97.4%,95.4%,,,,,0.00%,历史数据中无任何条件能达到65%胜率
未达标,931461,电子50,2026-07-23,94.0%,97.8%,,,,,0.00%,历史数据中无任何条件能达到65%胜率
未达标,399905,中证500,2026-07-23,90.6%,82.2%,10,88.9%,,,0.00%,PE需从90.6%降至<10%（差80.6pp，达标概率89%）
未达标,399393,国证地产,2026-07-23,19.4%,8.4%,,,,,0.00%,历史数据中无任何条件能达到65%胜率
未达标,H30455,沪港深500人民币,2026-07-23,80.6%,66.2%,,,,,0.00%,历史数据中无任何条件能达到65%胜率
未达标,CSPSADRP,标普中国A股红利机会指数,2026-07-23,50.0%,50.0%,,,,,0.00%,历史数据中无任何条件能达到65%胜率
未达标,HSCSOE,恒生中国央企指数,2026-07-23,91.6%,85.4%,,,,,0.00%,历史数据中无任何条件能达到65%胜率
未达标,931722,国新港股通央企红利,2026-07-23,91.4%,70.9%,,,,,0.00%,历史数据中无任何条件能达到65%胜率
未达标,HSSCHKY,恒生港股通高股息率指数,2026-07-23,90.0%,70.9%,,,,,0.00%,历史数据中无任何条件能达到65%胜率
未达标,930792,HK银行港元,2026-07-23,98.8%,96.4%,,,,,0.00%,历史数据中无任何条件能达到65%胜率
未达标,931554,长江保护,2026-07-23,79.2%,58.4%,,,,,0.00%,历史数据中无任何条件能达到65%胜率
未达标,HSSCSOY,恒生港股通中国央企红利指数,2026-07-23,72.3%,54.5%,,,,,0.00%,历史数据中无任何条件能达到65%胜率
未达标,931265,民企300,2026-07-23,79.8%,85.0%,,,5,91.7%,0.00%,PB需从85.0%降至<5%（差80.0pp，达标概率92%）
未达标,931134,AH经济蓝筹人民币,2026-07-23,85.0%,63.8%,,,,,0.00%,历史数据中无任何条件能达到65%胜率
未达标,995128,沪深港红利50,2026-07-23,50.0%,50.0%,,,,,0.00%,历史数据中无任何条件能达到65%胜率
未达标,HSTECH,恒生科技指数,2026-07-23,32.2%,31.4%,,,,,0.00%,历史数据中无任何条件能达到65%胜率
未达标,931243,诚通央企ESG,2026-07-23,89.8%,83.0%,,,,,0.00%,历史数据中无任何条件能达到65%胜率
未达标,931231,央企红利50,2026-07-23,91.4%,85.6%,,,,,0.00%,历史数据中无任何条件能达到65%胜率
未达标,931157,SHS红利成长LV人民币,2026-07-23,69.4%,51.2%,,,,,0.00%,历史数据中无任何条件能达到65%胜率
未达标,GDAXI,德国DAX,2026-07-22,50.0%,50.0%,,,,,0.00%,历史数据中无任何条件能达到65%胜率
未达标,930793,HK银行人民币,2026-07-23,97.6%,93.0%,,,,,0.00%,历史数据中无任何条件能达到65%胜率
未达标,930839,HK高股息港元,2026-07-23,74.0%,91.0%,,,,,0.00%,历史数据中无任何条件能达到65%胜率
未达标,930917,SHS高股息人民币,2026-07-23,89.8%,69.8%,,,,,0.00%,历史数据中无任何条件能达到65%胜率
未达标,931573,港股通科技,2026-07-23,39.6%,41.6%,,,,,0.00%,历史数据中无任何条件能达到65%胜率
未达标,HSMI,恒生综合中型股,2026-07-23,83.0%,85.2%,,,,,0.00%,历史数据中无任何条件能达到65%胜率
未达标,HSSI,恒生综合小型股,2026-07-23,72.2%,68.8%,,,,,0.00%,历史数据中无任何条件能达到65%胜率
未达标,000068,上证资源,2026-07-23,54.4%,96.0%,,,,,0.00%,历史数据中无任何条件能达到65%胜率
未达标,399326,成长40,2026-07-23,80.6%,80.0%,,,,,0.00%,历史数据中无任何条件能达到65%胜率
未达标,930653,CS食品饮,2026-07-23,4.6%,1.0%,,,,,0.00%,历史数据中无任何条件能达到65%胜率
未达标,399291,创精选88,2026-07-23,32.0%,29.6%,5,100.0%,5,75.0%,0.00%,PE需从32.0%降至<5%（差27.0pp，达标概率100%）; PB需从29.6%降至<5%（差24.6pp，达标概率75%）
未达标,H11057,石化产业,2026-07-23,61.0%,92.2%,,,,,0.00%,历史数据中无任何条件能达到65%胜率
未达标,399019,创业200,2026-07-23,26.4%,43.3%,5,79.2%,5,95.8%,0.00%,PE需从26.4%降至<5%（差21.4pp，达标概率79%）; PB需从43.3%降至<5%（差38.3pp，达标概率96%）
未达标,399702,深证F120,2026-07-23,97.6%,63.4%,10,77.8%,,,0.00%,PE需从97.6%降至<10%（差87.6pp，达标概率78%）
未达标,932305,智选高股息,2026-07-23,84.9%,38.9%,,,,,0.00%,历史数据中无任何条件能达到65%胜率
未达标,H30171,运输指数,2026-07-23,22.8%,1.8%,,,,,0.00%,历史数据中无任何条件能达到65%胜率
未达标,399322,国证治理,2026-07-23,90.2%,68.2%,,,,,0.00%,历史数据中无任何条件能达到65%胜率
未达标,899050,北证50,2026-07-23,51.7%,53.3%,5,70.0%,5,83.3%,0.00%,PE需从51.7%降至<5%（差46.7pp，达标概率70%）; PB需从53.3%降至<5%（差48.3pp，达标概率83%）
未达标,000171,新兴成指,2026-07-23,79.0%,66.6%,,,,,0.00%,历史数据中无任何条件能达到65%胜率
未达标,932217,制药指数,2026-07-23,42.0%,81.6%,,,,,0.00%,历史数据中无任何条件能达到65%胜率
未达标,HSCAIT,恒生A股行业龙头,2026-07-23,91.8%,65.8%,,,,,0.00%,历史数据中无任何条件能达到65%胜率
未达标,931239,港股通汽车,2026-07-23,79.8%,90.4%,,,5,83.3%,0.00%,PB需从90.4%降至<5%（差85.4pp，达标概率83%）
未达标,995017,长期竞争力,2026-07-23,46.4%,10.8%,,,,,0.00%,历史数据中无任何条件能达到65%胜率
未达标,HSSCAM,恒生港股通汽车主题指数,2026-07-23,72.9%,75.3%,5,100.0%,5,100.0%,0.00%,PE需从72.9%降至<5%（差67.9pp，达标概率100%）; PB需从75.3%降至<5%（差70.3pp，达标概率100%）
未达标,HSCAUPG,恒生A股电网设备指数,2026-07-23,76.0%,82.6%,,,,,0.00%,历史数据中无任何条件能达到65%胜率
未达标,000901,小康指数,2026-07-23,46.2%,4.8%,,,,,0.00%,历史数据中无任何条件能达到65%胜率
未达标,000852,中证1000,2026-07-23,67.0%,34.8%,15,88.9%,,,0.00%,PE需从67.0%降至<15%（差52.0pp，达标概率89%）
未达标,931946,畜牧养殖,2026-07-23,91.9%,10.1%,,,,,0.00%,历史数据中无任何条件能达到65%胜率
未达标,931187,科技100,2026-07-23,77.0%,76.4%,,,,,0.00%,历史数据中无任何条件能达到65%胜率
未达标,931892,有色矿业,2026-07-23,27.8%,87.4%,,,,,0.00%,历史数据中无任何条件能达到65%胜率
未达标,932000,中证2000,2026-07-23,58.3%,48.5%,5,95.8%,5,100.0%,0.00%,PE需从58.3%降至<5%（差53.3pp，达标概率96%）; PB需从48.5%降至<5%（差43.5pp，达标概率100%）
未达标,931039,银行AH人民币,2026-07-23,88.2%,69.0%,,,,,0.00%,历史数据中无任何条件能达到65%胜率
未达标,931866,中证机床,2026-07-23,81.6%,93.2%,5,95.8%,5,87.5%,0.00%,PE需从81.6%降至<5%（差76.6pp，达标概率96%）; PB需从93.2%降至<5%（差88.2pp，达标概率88%）
未达标,000681,科创价格,2026-07-23,18.2%,88.7%,,,,,0.00%,历史数据中无任何条件能达到65%胜率
未达标,931865,中证半导,2026-07-23,98.2%,98.2%,,,,,0.00%,历史数据中无任何条件能达到65%胜率
未达标,399750,深主板50,2026-07-23,96.0%,74.5%,,,,,0.00%,历史数据中无任何条件能达到65%胜率
未达标,980001,湾创100,2026-07-23,55.4%,34.2%,15,80.0%,5,93.3%,0.00%,PE需从55.4%降至<15%（差40.4pp，达标概率80%）; PB需从34.2%降至<5%（差29.2pp，达标概率93%）
未达标,704843,MSCI中国A股国际指数,2026-07-23,50.0%,50.0%,,,,,0.00%,历史数据中无任何条件能达到65%胜率
未达标,716567,MSCI中国A股国际通指数,2026-07-23,50.0%,50.0%,,,,,0.00%,历史数据中无任何条件能达到65%胜率
未达标,000680,科创综指,2026-07-23,18.2%,88.7%,,,,,0.00%,历史数据中无任何条件能达到65%胜率
未达标,SPAHLVCP,标普港股通低波红利指数,2026-07-23,50.0%,50.0%,,,,,0.00%,历史数据中无任何条件能达到65%胜率
未达标,000016,上证50,2026-07-23,84.8%,51.4%,,,,,0.00%,历史数据中无任何条件能达到65%胜率
未达标,931588,1000价值稳健,2026-07-23,53.6%,24.8%,,,,,0.00%,历史数据中无任何条件能达到65%胜率
未达标,399348,深证价值,2026-07-23,75.8%,50.6%,,,,,0.00%,历史数据中无任何条件能达到65%胜率
未达标,000825,央企红利,2026-07-23,95.0%,58.0%,,,,,0.00%,历史数据中无任何条件能达到65%胜率
未达标,399389,国证通信,2026-07-23,39.0%,70.4%,,,,,0.00%,历史数据中无任何条件能达到65%胜率
未达标,CES300,中华沪深港300人民币,2026-07-23,87.0%,68.8%,,,,,0.00%,历史数据中无任何条件能达到65%胜率
未达标,HSHKBIO,恒生生物科技指数,2026-07-23,50.0%,50.0%,,,,,0.00%,历史数据中无任何条件能达到65%胜率
未达标,980018,卫星通信,2026-07-23,91.2%,91.2%,,,,,0.00%,历史数据中无任何条件能达到65%胜率
未达标,931068,消费龙头,2026-07-23,3.2%,1.2%,,,,,0.00%,历史数据中无任何条件能达到65%胜率
未达标,932451,智选质量领先50,2026-07-23,12.7%,12.7%,,,,,0.00%,历史数据中无任何条件能达到65%胜率
未达标,399989,中证医疗,2026-07-23,17.0%,6.6%,5,80.0%,,,0.00%,PE需从17.0%降至<5%（差12.0pp，达标概率80%）
未达标,H30372,中证安全,2026-07-23,61.4%,22.6%,,,,,0.00%,历史数据中无任何条件能达到65%胜率
未达标,399974,国企改革,2026-07-23,76.0%,46.8%,,,,,0.00%,历史数据中无任何条件能达到65%胜率
未达标,931802,中证龙头,2026-07-23,84.8%,91.4%,,,,,0.00%,历史数据中无任何条件能达到65%胜率
未达标,000824,国企红利,2026-07-23,92.2%,55.0%,,,,,0.00%,历史数据中无任何条件能达到65%胜率
未达标,980092,自由现金流,2026-07-23,61.8%,4.2%,,,,,0.00%,历史数据中无任何条件能达到65%胜率
未达标,XIN9,富时中国A50,2026-07-23,50.0%,50.0%,,,,,0.00%,历史数据中无任何条件能达到65%胜率
未达标,931663,SHS消费龙头人民币,2026-07-23,6.6%,2.8%,,,,,0.00%,历史数据中无任何条件能达到65%胜率
未达标,HSCEI,恒生国企指数,2026-07-23,67.8%,54.4%,,,,,0.00%,历史数据中无任何条件能达到65%胜率
未达标,399971,中证传媒,2026-07-23,33.0%,18.2%,5,69.2%,5,76.9%,0.00%,PE需从33.0%降至<5%（差28.0pp，达标概率69%）; PB需从18.2%降至<5%（差13.2pp，达标概率77%）
未达标,000815,细分食品,2026-07-23,9.6%,2.0%,,,,,0.00%,历史数据中无任何条件能达到65%胜率
未达标,931375,300质量低波,2026-07-23,50.0%,43.8%,,,,,0.00%,历史数据中无任何条件能达到65%胜率
未达标,399438,绿色电力,2026-07-23,67.6%,63.4%,,,,,0.00%,历史数据中无任何条件能达到65%胜率
未达标,930708,中证有色,2026-07-23,26.2%,78.2%,,,,,0.00%,历史数据中无任何条件能达到65%胜率
未达标,718711,MSCI中国A股人民币指数,2026-07-22,50.0%,50.0%,,,,,0.00%,历史数据中无任何条件能达到65%胜率
未达标,399373,大盘价值,2026-07-23,82.2%,50.4%,,,,,0.00%,历史数据中无任何条件能达到65%胜率
未达标,000922,中证红利,2026-07-23,77.4%,45.8%,,,,,0.00%,历史数据中无任何条件能达到65%胜率
未达标,930620,CSSW丝路,2026-07-23,36.6%,51.8%,,,,,0.00%,历史数据中无任何条件能达到65%胜率
未达标,399007,深证300,2026-07-23,95.6%,65.2%,,,,,0.00%,历史数据中无任何条件能达到65%胜率
未达标,000846,ESG 100,2026-07-23,100.0%,100.0%,,,5,66.7%,0.00%,PB需从100.0%降至<5%（差95.0pp，达标概率67%）
未达标,930950,偏股基金,2026-07-22,50.0%,50.0%,,,,,0.00%,历史数据中无任何条件能达到65%胜率
未达标,980028,龙头家电,2026-07-23,31.8%,1.4%,,,,,0.00%,历史数据中无任何条件能达到65%胜率
未达标,399803,工业4.0,2026-07-23,71.2%,68.4%,,,,,0.00%,历史数据中无任何条件能达到65%胜率
未达标,931573CNY00,港股通科技人民币,2026-07-23,50.5%,42.7%,,,,,0.00%,历史数据中无任何条件能达到65%胜率
未达标,IMCI,上期有色金属指数,2026-07-23,50.0%,50.0%,,,,,0.00%,历史数据中无任何条件能达到65%胜率
未达标,FTSE,英国富时100,2026-07-23,50.0%,50.0%,,,,,0.00%,历史数据中无任何条件能达到65%胜率
未达标,990001,中华半导体芯片人民币,2026-07-23,97.4%,97.6%,,,,,0.00%,历史数据中无任何条件能达到65%胜率
未达标,399324,深证红利,2026-07-23,89.8%,94.6%,,,,,0.00%,历史数据中无任何条件能达到65%胜率
未达标,930606,中证钢铁,2026-07-23,91.4%,29.0%,,,,,0.00%,历史数据中无任何条件能达到65%胜率
未达标,931021,家电龙头,2026-07-23,35.2%,2.4%,5,100.0%,,,0.00%,PE需从35.2%降至<5%（差30.2pp，达标概率100%）
未达标,000888,上证收益,2026-07-23,84.6%,81.8%,,,,,0.00%,历史数据中无任何条件能达到65%胜率
未达标,930955,红利低波100,2026-07-23,83.0%,58.4%,,,,,0.00%,历史数据中无任何条件能达到65%胜率
未达标,399313,巨潮100,2026-07-23,88.0%,57.8%,,,,,0.00%,历史数据中无任何条件能达到65%胜率
未达标,931151,光伏产业,2026-07-23,2.2%,28.8%,,,,,0.00%,历史数据中无任何条件能达到65%胜率
未达标,HSSCID,恒生港股通创新药指数,2026-07-23,37.3%,75.3%,5,100.0%,,,0.00%,PE需从37.3%降至<5%（差32.3pp，达标概率100%）
未达标,989016,红利价值,2026-07-23,99.8%,65.9%,,,,,0.00%,历史数据中无任何条件能达到65%胜率
未达标,399310,国证A50,2026-07-23,92.4%,87.0%,,,,,0.00%,历史数据中无任何条件能达到65%胜率
未达标,000903,中证A100,2026-07-23,99.0%,99.8%,,,,,0.00%,历史数据中无任何条件能达到65%胜率
未达标,932047,中证REITs全收益,2026-07-23,50.0%,50.0%,,,,,0.00%,历史数据中无任何条件能达到65%胜率
未达标,399987,中证酒,2026-07-23,3.4%,1.0%,,,,,0.00%,历史数据中无任何条件能达到65%胜率
未达标,931775,房地产,2026-07-23,48.0%,14.2%,,,5,83.3%,0.00%,PB需从14.2%降至<5%（差9.2pp，达标概率83%）
未达标,000961,中证上游,2026-07-23,55.2%,95.2%,,,,,0.00%,历史数据中无任何条件能达到65%胜率
未达标,000944,内地资源,2026-07-23,57.4%,95.2%,,,,,0.00%,历史数据中无任何条件能达到65%胜率
未达标,931071,人工智能,2026-07-23,91.0%,96.6%,5,100.0%,,,0.00%,PE需从91.0%降至<5%（差86.0pp，达标概率100%）
未达标,H30089,红利潜力,2026-07-23,46.8%,68.4%,,,,,0.00%,历史数据中无任何条件能达到65%胜率
未达标,931271,通信设备主题,2026-07-23,96.0%,97.0%,30,100.0%,15,87.5%,0.00%,PE需从96.0%降至<30%（差66.0pp，达标概率100%）; PB需从97.0%降至<15%（差82.0pp，达标概率88%）
未达标,399991,一带一路,2026-07-23,75.8%,96.8%,,,,,0.00%,历史数据中无任何条件能达到65%胜率
未达标,931479,证券保险,2026-07-23,7.4%,28.6%,,,,,0.00%,历史数据中无任何条件能达到65%胜率
未达标,GPCCH003,富时中国国企开放共赢指数,2026-07-23,50.0%,50.0%,,,,,0.00%,历史数据中无任何条件能达到65%胜率
未达标,CESFHY,中华预期高股息指数,2026-07-23,92.8%,90.8%,,,,,0.00%,历史数据中无任何条件能达到65%胜率
未达标,SPCLLHCT,标普中国A股大盘红利低波50全收益指数,2026-07-23,50.0%,50.0%,,,,,0.00%,历史数据中无任何条件能达到65%胜率
未达标,930915,港股通高股息人民币,2026-07-23,94.6%,94.2%,,,,,0.00%,历史数据中无任何条件能达到65%胜率
未达标,HSCSSE,恒生A股专精特新企业指数,2026-07-23,68.1%,93.0%,,,5,95.8%,0.00%,PB需从93.0%降至<5%（差88.0pp，达标概率96%）
未达标,399993,CSWD生科,2026-07-23,96.2%,21.0%,,,,,0.00%,历史数据中无任何条件能达到65%胜率
未达标,931848,800红利低波,2026-07-23,47.7%,27.2%,,,,,0.00%,历史数据中无任何条件能达到65%胜率
未达标,399396,国证食品,2026-07-23,4.6%,1.2%,,,,,0.00%,历史数据中无任何条件能达到65%胜率
未达标,000974,800金融,2026-07-23,48.8%,35.4%,,,,,0.00%,历史数据中无任何条件能达到65%胜率
未达标,399807,高铁产业,2026-07-23,40.2%,0.8%,,,,,0.00%,历史数据中无任何条件能达到65%胜率
未达标,399812,养老产业,2026-07-23,2.2%,6.6%,,,,,0.00%,历史数据中无任何条件能达到65%胜率
未达标,000021,180治理,2026-07-23,88.6%,55.6%,,,,,0.00%,历史数据中无任何条件能达到65%胜率
未达标,HSSCHI,恒生港股通创新药及医疗保健指数,2026-07-23,49.6%,67.0%,5,75.0%,,,0.00%,PE需从49.6%降至<5%（差44.6pp，达标概率75%）
未达标,399364,消费100,2026-07-23,87.0%,82.6%,20,83.3%,5,75.0%,0.00%,PE需从87.0%降至<20%（差67.0pp，达标概率83%）; PB需从82.6%降至<5%（差77.6pp，达标概率75%）
未达标,931141,CS长三角,2026-07-23,68.4%,41.6%,,,,,0.00%,历史数据中无任何条件能达到65%胜率
未达标,930851,云计算,2026-07-23,77.0%,98.2%,,,30,100.0%,0.00%,PB需从98.2%降至<30%（差68.2pp，达标概率100%）
未达标,399994,信息安全,2026-07-23,38.2%,29.4%,5,100.0%,,,0.00%,PE需从38.2%降至<5%（差33.2pp，达标概率100%）
未达标,000978,医药100,2026-07-23,50.4%,12.2%,,,,,0.00%,历史数据中无任何条件能达到65%胜率
未达标,HSBBAC,恒生沪深港通大湾区综合指数,2026-07-23,66.1%,62.1%,5,79.2%,,,0.00%,PE需从66.1%降至<5%（差61.1pp，达标概率79%）
未达标,ESZCE_ECIA,易盛能化A,2026-07-23,50.0%,50.0%,,,,,0.00%,历史数据中无任何条件能达到65%胜率
未达标,932422,A500红利低波,2026-07-23,37.2%,6.7%,,,,,0.00%,历史数据中无任何条件能达到65%胜率
未达标,000995,全指公用,2026-07-23,42.8%,54.2%,,,,,0.00%,历史数据中无任何条件能达到65%胜率
未达标,399809,保险主题,2026-07-23,34.8%,32.4%,,,,,0.00%,历史数据中无任何条件能达到65%胜率
未达标,000811,细分有色,2026-07-23,27.0%,83.8%,,,,,0.00%,历史数据中无任何条件能达到65%胜率
未达标,930933,港股综合人民币,2026-07-23,78.4%,75.2%,,,,,0.00%,历史数据中无任何条件能达到65%胜率
未达标,931446,东证红利低波,2026-07-23,78.6%,66.8%,,,,,0.00%,历史数据中无任何条件能达到65%胜率
未达标,399006,创业板指,2026-07-23,57.2%,73.2%,,,5,66.7%,0.00%,PB需从73.2%降至<5%（差68.2pp，达标概率67%）
未达标,399395,国证有色,2026-07-23,29.6%,87.8%,,,,,0.00%,历史数据中无任何条件能达到65%胜率
未达标,H50040,上红低波,2026-07-23,75.8%,51.8%,,,,,0.00%,历史数据中无任何条件能达到65%胜率
未达标,000692,科创新能,2026-07-23,12.0%,49.9%,,,5,100.0%,0.00%,PB需从49.9%降至<5%（差44.9pp，达标概率100%）
未达标,399997,中证白酒,2026-07-23,6.4%,1.0%,,,,,0.00%,历史数据中无任何条件能达到65%胜率
未达标,930641,中证中药,2026-07-23,4.4%,1.8%,,,,,0.00%,历史数据中无任何条件能达到65%胜率
未达标,399439,国证油气,2026-07-23,50.4%,92.4%,,,,,0.00%,历史数据中无任何条件能达到65%胜率
未达标,931139,CS消费50,2026-07-23,2.8%,2.2%,,,,,0.00%,历史数据中无任何条件能达到65%胜率
未达标,000932,800消费,2026-07-23,5.6%,1.2%,,,,,0.00%,历史数据中无任何条件能达到65%胜率
未达标,UNGL,富时EPRA/NAREIT发达市场指数,2026-07-22,50.0%,50.0%,,,,,0.00%,历史数据中无任何条件能达到65%胜率
未达标,000914,300金融,2026-07-23,53.2%,29.6%,,,,,0.00%,历史数据中无任何条件能达到65%胜率
未达标,000048,责任指数,2026-07-23,85.8%,62.6%,,,,,0.00%,历史数据中无任何条件能达到65%胜率
未达标,CBA09001,中债-5-10年农发行债券财富(总值)指数,2026-07-23,50.0%,50.0%,,,,,0.00%,历史数据中无任何条件能达到65%胜率
未达标,CBA05201,中债7-10年国开行债券财富(总值)指数,2026-07-23,50.0%,50.0%,,,,,0.00%,历史数据中无任何条件能达到65%胜率
未达标,399606,创业板R,2026-07-23,49.0%,68.0%,,,5,73.9%,0.00%,PB需从68.0%降至<5%（差63.0pp，达标概率74%）
未达标,SCH00902DP,0-4年央企80,2021-11-19,50.0%,50.0%,,,,,0.00%,历史数据中无任何条件能达到65%胜率
未达标,CBA00101,中债新综合财富(总值)指数,2026-07-23,50.0%,50.0%,,,,,0.00%,历史数据中无任何条件能达到65%胜率
未达标,000821,300红利,2026-07-23,87.4%,47.0%,,,,,0.00%,历史数据中无任何条件能达到65%胜率
未达标,H30270,红利价值,2026-07-23,92.4%,79.2%,,,,,0.00%,历史数据中无任何条件能达到65%胜率
未达标,000934,800金地,2026-07-23,53.0%,28.8%,,,,,0.00%,历史数据中无任何条件能达到65%胜率
未达标,SCH00904DP,1-3年高等级国企中票,2021-11-19,50.0%,50.0%,,,,,0.00%,历史数据中无任何条件能达到65%胜率
未达标,399102,创业板综,2026-07-23,49.4%,58.2%,,,,,0.00%,历史数据中无任何条件能达到65%胜率
未达标,930870,政金债,2026-07-23,50.0%,50.0%,,,,,0.00%,历史数据中无任何条件能达到65%胜率
未达标,930954,5年久期国开债,2026-07-23,50.0%,50.0%,,,,,0.00%,历史数据中无任何条件能达到65%胜率
未达标,000919,300价值,2026-07-23,72.6%,41.2%,,,,,0.00%,历史数据中无任何条件能达到65%胜率
未达标,950113,沪质中高债3-5,2026-07-23,50.0%,50.0%,,,,,0.00%,历史数据中无任何条件能达到65%胜率
未达标,000015,红利指数,2026-07-23,94.0%,61.0%,,,,,0.00%,历史数据中无任何条件能达到65%胜率
未达标,000018,180金融,2026-07-23,46.4%,31.2%,,,,,0.00%,历史数据中无任何条件能达到65%胜率
未达标,000992,金融地产,2026-07-23,52.0%,27.8%,,,,,0.00%,历史数据中无任何条件能达到65%胜率
未达标,399967,中证军工,2026-07-23,43.2%,50.8%,,,10,80.0%,0.00%,PB需从50.8%降至<10%（差40.8pp，达标概率80%）
未达标,CBA00631,中债国债总财富(3-5年)指数,2026-07-23,50.0%,50.0%,,,,,0.00%,历史数据中无任何条件能达到65%胜率
未达标,CBA07601,中债-3-5年农发行债券财富(总值)指数,2026-07-23,50.0%,50.0%,,,,,0.00%,历史数据中无任何条件能达到65%胜率
未达标,930780,中证兴业中高信用债,2026-07-23,50.0%,50.0%,,,,,0.00%,历史数据中无任何条件能达到65%胜率
未达标,931142,东证竞争,2026-07-23,97.6%,91.4%,,,,,0.00%,历史数据中无任何条件能达到65%胜率
未达标,932366,300现金流,2026-07-23,62.5%,13.1%,,,,,0.00%,历史数据中无任何条件能达到65%胜率
未达标,HSMCHYI,恒生港股通中国内地企业高股息率指数,2026-07-23,88.6%,68.3%,,,,,0.00%,历史数据中无任何条件能达到65%胜率
未达标,931754,中证中诚信央企信用债,2026-07-23,50.0%,50.0%,,,,,0.00%,历史数据中无任何条件能达到65%胜率
未达标,000043,超大盘,2026-07-23,66.0%,40.8%,,,,,0.00%,历史数据中无任何条件能达到65%胜率
未达标,H30202,软件指数,2026-07-23,57.4%,16.0%,,,,,0.00%,历史数据中无任何条件能达到65%胜率
未达标,SCH01101DP,中高等级短期,2021-11-19,50.0%,50.0%,,,,,0.00%,历史数据中无任何条件能达到65%胜率
未达标,CBC06701,中债-1-3年久期央企20债券财富(总值)指数,2026-07-23,50.0%,50.0%,,,,,0.00%,历史数据中无任何条件能达到65%胜率
未达标,CBA19821,中债-市场隐含评级AA+及以上信用债财富(1-3年)指数,2026-07-23,50.0%,50.0%,,,,,0.00%,历史数据中无任何条件能达到65%胜率
未达标,931175,银行50金融债,2026-07-23,50.0%,50.0%,,,,,0.00%,历史数据中无任何条件能达到65%胜率
未达标,H30269,红利低波,2026-07-23,77.8%,61.8%,,,,,0.00%,历史数据中无任何条件能达到65%胜率
未达标,CBA08301,中债-1-5年国开行债券财富(总值)指数,2026-07-23,50.0%,50.0%,,,,,0.00%,历史数据中无任何条件能达到65%胜率
未达标,930614,环保50,2026-07-23,70.4%,40.6%,,,,,0.00%,历史数据中无任何条件能达到65%胜率
未达标,CBA09101,中债-1-5年农发行债券财富(总值)指数,2026-07-23,50.0%,50.0%,,,,,0.00%,历史数据中无任何条件能达到65%胜率
未达标,CBA10301,中债-1-5年政策性金融债财富(总值)指数,2026-07-23,50.0%,50.0%,,,,,0.00%,历史数据中无任何条件能达到65%胜率
未达标,399330,深证100,2026-07-23,85.0%,67.8%,,,,,0.00%,历史数据中无任何条件能达到65%胜率
未达标,CBA08203,中债-7-10年政策性金融债全价(总值)指数,2026-07-23,50.0%,50.0%,,,,,0.00%,历史数据中无任何条件能达到65%胜率
未达标,000683,科创生物,2026-07-23,52.2%,81.2%,,,,,0.00%,历史数据中无任何条件能达到65%胜率
未达标,CBC06001,中债-投资优选绿色债券财富(总值)指数,2026-07-23,50.0%,50.0%,,,,,0.00%,历史数据中无任何条件能达到65%胜率
未达标,CBA09003,中债-5-10年农发行债券全价(总值)指数,2026-07-23,50.0%,50.0%,,,,,0.00%,历史数据中无任何条件能达到65%胜率
未达标,CBA05203,中债7-10年国开行债券全价(总值)指数,2026-07-23,50.0%,50.0%,,,,,0.00%,历史数据中无任何条件能达到65%胜率
未达标,930871,政金债1-3,2026-07-23,50.0%,50.0%,,,,,0.00%,历史数据中无任何条件能达到65%胜率
未达标,SPGOGUP,标普全球石油,2026-07-22,50.0%,50.0%,,,,,0.00%,历史数据中无任何条件能达到65%胜率
未达标,746059,MSCI中国A50互联互通人民币指数,2026-07-22,50.0%,50.0%,,,,,0.00%,历史数据中无任何条件能达到65%胜率
未达标,CBA07701,中债-1-3年国开行债券财富(总值)指数,2026-07-23,50.0%,50.0%,,,,,0.00%,历史数据中无任何条件能达到65%胜率
未达标,CBA07401,中债-1-3年政策性金融债财富(总值)指数,2026-07-23,50.0%,50.0%,,,,,0.00%,历史数据中无任何条件能达到65%胜率
未达标,CBA07001,中债-1-3年农发行债券财富(总值)指数,2026-07-23,50.0%,50.0%,,,,,0.00%,历史数据中无任何条件能达到65%胜率
未达标,CFXID00841,0-5年期气候变化高等级债券综合指数(总收益),2026-07-23,50.0%,50.0%,,,,,0.00%,历史数据中无任何条件能达到65%胜率
未达标,CBA27201,中债-0-3年政策性金融债财富(总值)指数,2026-07-23,50.0%,50.0%,,,,,0.00%,历史数据中无任何条件能达到65%胜率
未达标,CBA09501,中债-0-2年国开行债券财富(总值)指数,2026-07-23,50.0%,50.0%,,,,,0.00%,历史数据中无任何条件能达到65%胜率
未达标,CBA22001,中债-0-2年政策性金融债财富(总值)指数,2026-07-23,50.0%,50.0%,,,,,0.00%,历史数据中无任何条件能达到65%胜率
未达标,CBA09203,中债-5-10年国开行债券全价(总值)指数,2026-07-23,50.0%,50.0%,,,,,0.00%,历史数据中无任何条件能达到65%胜率
未达标,CBA12903,中债-京津冀债券综合全价(总值)指数,2026-07-23,50.0%,50.0%,,,,,0.00%,历史数据中无任何条件能达到65%胜率
未达标,931059,同业存单AAA,2026-07-23,50.0%,50.0%,,,,,0.00%,历史数据中无任何条件能达到65%胜率
未达标,000977,内地低碳,2026-07-23,66.8%,41.8%,,,,,0.00%,历史数据中无任何条件能达到65%胜率
未达标,CBC10303,中债-高信用等级数字经济产业信用债全价(总值)指数,2026-07-23,50.0%,50.0%,,,,,0.00%,历史数据中无任何条件能达到65%胜率
未达标,CBA31703,中债-投资级公司信用债综合全价(总值)指数,2026-07-23,50.0%,50.0%,,,,,0.00%,历史数据中无任何条件能达到65%胜率
未达标,930791,CS医药TI,2026-07-23,54.4%,10.2%,,,,,0.00%,历史数据中无任何条件能达到65%胜率
未达标,CBA30303,中债-投资级公司信用债精选全价(总值)指数,2026-07-23,50.0%,50.0%,,,,,0.00%,历史数据中无任何条件能达到65%胜率
未达标,CBC08503,中债-投资级公司绿色债券精选全价(总值)指数,2026-07-23,50.0%,50.0%,,,,,0.00%,历史数据中无任何条件能达到65%胜率
未达标,CBA11803,中债-长三角中高等级信用债全价(总值)指数,2026-07-23,50.0%,50.0%,,,,,0.00%,历史数据中无任何条件能达到65%胜率
未达标,CBA05103,中债农发行债券总全价(总值)指数,2026-07-23,50.0%,50.0%,,,,,0.00%,历史数据中无任何条件能达到65%胜率
未达标,CBA00633,中债国债总全价(3-5年)指数,2026-07-23,50.0%,50.0%,,,,,0.00%,历史数据中无任何条件能达到65%胜率
未达标,000151,上国红利,2026-07-23,97.0%,54.4%,,,,,0.00%,历史数据中无任何条件能达到65%胜率
未达标,CBA20903,中债-优选投资级信用债全价(总值)指数,2026-07-23,50.0%,50.0%,,,,,0.00%,历史数据中无任何条件能达到65%胜率
未达标,CBA11603,中债-广西壮族自治区公司信用类债券全价(总值)指数,2026-07-23,50.0%,50.0%,,,,,0.00%,历史数据中无任何条件能达到65%胜率
未达标,CBA07903,中债-安徽省公司信用类债券全价(总值)指数,2026-07-23,50.0%,50.0%,,,,,0.00%,历史数据中无任何条件能达到65%胜率
未达标,CBC01703,中债-0-5年中高等级江苏省城投类债券全价(总值)指数,2026-07-23,50.0%,50.0%,,,,,0.00%,历史数据中无任何条件能达到65%胜率
未达标,CBC05903,中债-绿色普惠主题金融债券优选全价(总值)指数,2026-07-23,50.0%,50.0%,,,,,0.00%,历史数据中无任何条件能达到65%胜率
未达标,930740,300红利低波,2026-07-23,83.0%,52.2%,,,,,0.00%,历史数据中无任何条件能达到65%胜率
未达标,399004,深证100R,2026-07-23,85.2%,67.8%,,,,,0.00%,历史数据中无任何条件能达到65%胜率
未达标,CBA13703,中债-0-3年AA+优选信用债全价(总值)指数,2026-07-23,50.0%,50.0%,,,,,0.00%,历史数据中无任何条件能达到65%胜率
未达标,CFXID00422,CFETS0-3年期山东省国有企业信用债精选指数(全价),2026-07-23,50.0%,50.0%,,,,,0.00%,历史数据中无任何条件能达到65%胜率
未达标,CBA19823,中债-市场隐含评级AA+及以上信用债全价(1-3年)指数,2026-07-23,50.0%,50.0%,,,,,0.00%,历史数据中无任何条件能达到65%胜率
未达标,CBA20923,中债-优选投资级信用债全价(1-3年)指数,2026-07-23,50.0%,50.0%,,,,,0.00%,历史数据中无任何条件能达到65%胜率
未达标,000991,全指医药,2026-07-23,43.4%,10.0%,,,,,0.00%,历史数据中无任何条件能达到65%胜率
未达标,931897,绿色电力,2026-07-23,40.8%,55.0%,,,,,0.00%,历史数据中无任何条件能达到65%胜率
未达标,HSI,恒生指数,2026-07-23,83.2%,74.6%,,,,,0.00%,历史数据中无任何条件能达到65%胜率
未达标,H00813,细分化工全收益,2026-07-23,50.0%,50.0%,,,,,0.00%,历史数据中无任何条件能达到65%胜率
未达标,CBA09303,中债-3-5年政策性金融债全价(总值)指数,2026-07-23,50.0%,50.0%,,,,,0.00%,历史数据中无任何条件能达到65%胜率
未达标,H30588,中证证保,2026-07-23,4.2%,17.6%,,,,,0.00%,历史数据中无任何条件能达到65%胜率
未达标,000029,180价值,2026-07-23,70.8%,29.6%,,,,,0.00%,历史数据中无任何条件能达到65%胜率
未达标,CBA27303,中债-0-5年政策性金融债全价(总值)指数,2026-07-23,50.0%,50.0%,,,,,0.00%,历史数据中无任何条件能达到65%胜率
未达标,930977,港股通信息C人民币,2026-07-23,80.8%,96.2%,5,85.7%,,,0.00%,PE需从80.8%降至<5%（差75.8pp，达标概率86%）
未达标,CBA07403,中债-1-3年政策性金融债全价(总值)指数,2026-07-23,50.0%,50.0%,,,,,0.00%,历史数据中无任何条件能达到65%胜率
未达标,CBA06303,中债3-5年国开行债券全价(总值)指数,2026-07-23,50.0%,50.0%,,,,,0.00%,历史数据中无任何条件能达到65%胜率
未达标,CBA07603,中债-3-5年农发行债券全价(总值)指数,2026-07-23,50.0%,50.0%,,,,,0.00%,历史数据中无任何条件能达到65%胜率
未达标,CBA09103,中债-1-5年农发行债券全价(总值)指数,2026-07-23,50.0%,50.0%,,,,,0.00%,历史数据中无任何条件能达到65%胜率
未达标,CBA10303,中债-1-5年政策性金融债全价(总值)指数,2026-07-23,50.0%,50.0%,,,,,0.00%,历史数据中无任何条件能达到65%胜率
未达标,CBA07803,中债-1-5年进出口行债券全价(总值)指数,2026-07-23,50.0%,50.0%,,,,,0.00%,历史数据中无任何条件能达到65%胜率
未达标,CBA27203,中债-0-3年政策性金融债全价(总值)指数,2026-07-23,50.0%,50.0%,,,,,0.00%,历史数据中无任何条件能达到65%胜率
未达标,CBC06703,中债-1-3年久期央企20债券全价(总值)指数,2026-07-23,50.0%,50.0%,,,,,0.00%,历史数据中无任何条件能达到65%胜率
未达标,CBA08303,中债-1-5年国开行债券全价(总值)指数,2026-07-23,50.0%,50.0%,,,,,0.00%,历史数据中无任何条件能达到65%胜率
未达标,CBA11903,中债-0-3年国开行债券全价(总值)指数,2026-07-23,50.0%,50.0%,,,,,0.00%,历史数据中无任何条件能达到65%胜率
未达标,CBA07003,中债-1-3年农发行债券全价(总值)指数,2026-07-23,50.0%,50.0%,,,,,0.00%,历史数据中无任何条件能达到65%胜率
未达标,CBA22003,中债-0-2年政策性金融债全价(总值)指数,2026-07-23,50.0%,50.0%,,,,,0.00%,历史数据中无任何条件能达到65%胜率
未达标,CBA09503,中债-0-2年国开行债券全价(总值)指数,2026-07-23,50.0%,50.0%,,,,,0.00%,历史数据中无任何条件能达到65%胜率
未达标,931132,诚通央企红利,2026-07-23,91.0%,85.4%,,,,,0.00%,历史数据中无任何条件能达到65%胜率
未达标,930050,中证A50,2026-07-23,53.1%,78.0%,,,,,0.00%,历史数据中无任何条件能达到65%胜率
未达标,000808,医药生物,2026-07-23,57.2%,12.4%,,,,,0.00%,历史数据中无任何条件能达到65%胜率
未达标,399966,800证保,2026-07-23,4.0%,18.0%,,,,,0.00%,历史数据中无任何条件能达到65%胜率
未达标,CBA07703,中债-1-3年国开行债券全价(总值)指数,2026-07-23,50.0%,50.0%,,,,,0.00%,历史数据中无任何条件能达到65%胜率
未达标,930820,CS高端制,2026-07-23,93.2%,91.0%,,,5,85.7%,0.00%,PB需从91.0%降至<5%（差86.0pp，达标概率86%）
未达标,930790,CS娱乐TI,2026-07-23,66.6%,19.4%,15,75.0%,,,0.00%,PE需从66.6%降至<15%（差51.6pp，达标概率75%）
未达标,NBI,纳斯达克生物科技指数,2026-07-22,61.7%,98.0%,,,,,0.00%,历史数据中无任何条件能达到65%胜率
未达标,H30035,300非银,2026-07-23,4.2%,17.8%,,,,,0.00%,历史数据中无任何条件能达到65%胜率
未达标,399012,创业300,2026-07-23,45.8%,70.2%,,,5,86.7%,0.00%,PB需从70.2%降至<5%（差65.2pp，达标概率87%）
未达标,932315,中证红利质量,2026-07-23,56.0%,41.2%,,,,,0.00%,历史数据中无任何条件能达到65%胜率
未达标,H30199,电力指数,2026-07-23,41.4%,56.0%,,,,,0.00%,历史数据中无任何条件能达到65%胜率
未达标,932431,300质量,2026-07-23,100.0%,95.1%,,,,,0.00%,历史数据中无任何条件能达到65%胜率
未达标,000827,中证环保,2026-07-23,67.6%,42.2%,,,,,0.00%,历史数据中无任何条件能达到65%胜率
未达标,931250,港股通创新药,2026-07-23,28.8%,70.6%,5,75.0%,,,0.00%,PE需从28.8%降至<5%（差23.8pp，达标概率75%）
未达标,000819,有色金属,2026-07-23,29.8%,86.0%,,,,,0.00%,历史数据中无任何条件能达到65%胜率
未达标,399701,深证F60,2026-07-23,85.6%,32.6%,,,,,0.00%,历史数据中无任何条件能达到65%胜率
未达标,000925,基本面50,2026-07-23,71.8%,42.4%,,,,,0.00%,历史数据中无任何条件能达到65%胜率
未达标,CN5082,国证航天,2026-07-23,49.1%,58.3%,5,75.0%,5,83.3%,0.00%,PE需从49.1%降至<5%（差44.1pp，达标概率75%）; PB需从58.3%降至<5%（差53.3pp，达标概率83%）
未达标,HSSCPB,恒生港股通创新药精选指数,2026-07-23,63.5%,76.0%,5,100.0%,,,0.00%,PE需从63.5%降至<5%（差58.5pp，达标概率100%）
未达标,931823,国资央企50,2026-07-23,89.0%,49.9%,,,,,0.00%,历史数据中无任何条件能达到65%胜率
未达标,931186,中证科技,2026-07-23,56.8%,65.4%,,,,,0.00%,历史数据中无任何条件能达到65%胜率
未达标,399975,证券公司,2026-07-23,4.2%,13.6%,,,,,0.00%,历史数据中无任何条件能达到65%胜率
未达标,CES100,中华港股通精选100港元,2026-07-23,58.0%,69.2%,,,,,0.00%,历史数据中无任何条件能达到65%胜率
未达标,399850,深证50,2026-07-23,73.8%,96.8%,,,5,87.5%,0.00%,PB需从96.8%降至<5%（差91.8pp，达标概率88%）
未达标,931484,CS医药创新,2026-07-23,29.2%,12.2%,,,,,0.00%,历史数据中无任何条件能达到65%胜率
未达标,399707,CSSW证券,2026-07-23,3.8%,13.4%,,,,,0.00%,历史数据中无任何条件能达到65%胜率
未达标,DJSOEP,道琼斯美国石油开发与生产指数,2026-07-22,50.0%,50.0%,,,,,0.00%,历史数据中无任何条件能达到65%胜率
未达标,HSISC,恒指港股通指数,2026-07-23,85.0%,73.0%,,,,,0.00%,历史数据中无任何条件能达到65%胜率
未达标,399394,国证医药,2026-07-23,58.4%,14.6%,,,,,0.00%,历史数据中无任何条件能达到65%胜率
未达标,H30531,精工制造,2026-07-23,91.2%,71.6%,,,,,0.00%,历史数据中无任何条件能达到65%胜率
未达标,399441,生物医药,2026-07-23,70.4%,20.6%,,,,,0.00%,历史数据中无任何条件能达到65%胜率
未达标,930743,中证生科,2026-07-23,76.8%,20.6%,,,,,0.00%,历史数据中无任何条件能达到65%胜率
未达标,930599,中证高装,2026-07-23,85.0%,98.8%,,,10,77.8%,0.00%,PB需从98.8%降至<10%（差88.8pp，达标概率78%）
未达标,950096,上海国企,2026-07-23,71.6%,48.4%,,,,,0.00%,历史数据中无任何条件能达到65%胜率
未达标,399266,创新能源,2026-07-23,54.7%,53.3%,,,5,87.5%,0.00%,PB需从53.3%降至<5%（差48.3pp，达标概率88%）
未达标,931582,数字经济,2026-07-23,92.4%,95.4%,,,5,79.2%,0.00%,PB需从95.4%降至<5%（差90.4pp，达标概率79%）
未达标,932368,800现金流,2026-07-23,85.6%,91.5%,,,,,0.00%,历史数据中无任何条件能达到65%胜率
未达标,931574,港股科技,2026-07-23,47.8%,57.6%,,,,,0.00%,历史数据中无任何条件能达到65%胜率
未达标,931643,科创创业50,2026-07-23,89.4%,86.0%,,,5,83.3%,0.00%,PB需从86.0%降至<5%（差81.0pp，达标概率83%）
未达标,000913,300医药,2026-07-23,47.2%,11.8%,,,,,0.00%,历史数据中无任何条件能达到65%胜率
未达标,930712,CS物联网,2026-07-23,79.2%,96.6%,5,100.0%,10,75.0%,0.00%,PE需从79.2%降至<5%（差74.2pp，达标概率100%）; PB需从96.6%降至<10%（差86.6pp，达标概率75%）
未达标,931719,CS电池,2026-07-23,38.0%,39.2%,,,5,83.3%,0.00%,PB需从39.2%降至<5%（差34.2pp，达标概率83%）
未达标,000933,800医卫,2026-07-23,56.4%,19.4%,,,,,0.00%,历史数据中无任何条件能达到65%胜率
未达标,H30344,健康产业,2026-07-23,52.6%,16.2%,,,,,0.00%,历史数据中无任何条件能达到65%胜率
未达标,399986,中证银行,2026-07-23,82.4%,40.8%,,,,,0.00%,历史数据中无任何条件能达到65%胜率
未达标,HSSSHID,恒生沪深港创新药精选50指数,2026-07-23,69.4%,72.0%,,,,,0.00%,历史数据中无任何条件能达到65%胜率
未达标,930931,港股通50港元,2026-07-23,64.4%,60.2%,,,,,0.00%,历史数据中无任何条件能达到65%胜率
未达标,H11054,装备产业,2026-07-23,53.6%,63.4%,,,15,80.0%,0.00%,PB需从63.4%降至<15%（差48.4pp，达标概率80%）
未达标,931140,医药50,2026-07-23,38.6%,13.6%,,,,,0.00%,历史数据中无任何条件能达到65%胜率
未达标,950228,智选科创价值50,2026-07-23,94.1%,95.2%,5,95.7%,5,95.7%,0.00%,PE需从94.1%降至<5%（差89.1pp，达标概率96%）; PB需从95.2%降至<5%（差90.2pp，达标概率96%）
未达标,931409,SHS创新药人民币,2026-07-23,86.2%,63.6%,,,,,0.00%,历史数据中无任何条件能达到65%胜率
未达标,932365,中证现金流,2026-07-23,85.4%,15.4%,,,,,0.00%,历史数据中无任何条件能达到65%胜率
未达标,930902,中证数据,2026-07-23,73.4%,61.0%,,,5,70.6%,0.00%,PB需从61.0%降至<5%（差56.0pp，达标概率71%）
未达标,399437,证券龙头,2026-07-23,5.6%,15.4%,,,,,0.00%,历史数据中无任何条件能达到65%胜率
未达标,931594,卫星产业,2026-07-23,75.6%,88.8%,,,5,92.9%,0.00%,PB需从88.8%降至<5%（差83.8pp，达标概率93%）
未达标,DCESMFI,大商所豆粕期货价格指数,2026-07-23,50.0%,50.0%,,,,,0.00%,历史数据中无任何条件能达到65%胜率
未达标,000814,细分医药,2026-07-23,79.6%,28.0%,,,,,0.00%,历史数据中无任何条件能达到65%胜率
未达标,980015,疫苗生科,2026-07-23,77.4%,34.6%,,,,,0.00%,历史数据中无任何条件能达到65%胜率
未达标,000813,细分化工,2026-07-23,54.4%,47.8%,,,,,0.00%,历史数据中无任何条件能达到65%胜率
未达标,000841,800医药,2026-07-23,78.8%,39.2%,,,,,0.00%,历史数据中无任何条件能达到65%胜率
未达标,000918,300成长,2026-07-23,72.4%,45.8%,,,15,87.5%,0.00%,PB需从45.8%降至<15%（差30.8pp，达标概率88%）
未达标,931412,证券公司30,2026-07-23,8.2%,21.4%,,,5,75.0%,0.00%,PB需从21.4%降至<5%（差16.4pp，达标概率75%）
未达标,931152,CS创新药,2026-07-23,71.8%,49.2%,,,,,0.00%,历史数据中无任何条件能达到65%胜率
未达标,000941,新能源,2026-07-23,29.2%,51.0%,,,,,0.00%,历史数据中无任何条件能达到65%胜率
未达标,930726,CS生医,2026-07-23,78.6%,29.2%,,,,,0.00%,历史数据中无任何条件能达到65%胜率
未达标,930601,软件服务,2026-07-23,69.0%,63.2%,,,5,100.0%,0.00%,PB需从63.2%降至<5%（差58.2pp，达标概率100%）
未达标,399667,创业成长,2026-07-23,44.8%,77.0%,,,5,100.0%,0.00%,PB需从77.0%降至<5%（差72.0pp，达标概率100%）
未达标,931380,科技50,2026-07-23,56.0%,71.0%,,,5,66.7%,0.00%,PB需从71.0%降至<5%（差66.0pp，达标概率67%）
未达标,995020,清洁能源,2026-07-23,95.2%,21.6%,,,,,0.00%,历史数据中无任何条件能达到65%胜率
未达标,931166,医药健康100,2026-07-23,51.6%,29.6%,,,,,0.00%,历史数据中无任何条件能达到65%胜率
未达标,930632,CS稀金属,2026-07-23,42.6%,51.4%,,,,,0.00%,历史数据中无任何条件能达到65%胜率
未达标,000688,科创50,2026-07-23,98.6%,98.6%,,,5,75.0%,0.00%,PB需从98.6%降至<5%（差93.6pp，达标概率75%）
未达标,000964,中证新兴,2026-07-23,84.4%,85.4%,,,,,0.00%,历史数据中无任何条件能达到65%胜率
未达标,000812,细分机械,2026-07-23,45.0%,65.8%,,,,,0.00%,历史数据中无任何条件能达到65%胜率
未达标,930965,港股通医药C港元,2026-07-23,48.2%,68.6%,5,87.0%,,,0.00%,PE需从48.2%降至<5%（差43.2pp，达标概率87%）
未达标,399808,中证新能,2026-07-23,46.6%,39.2%,,,,,0.00%,历史数据中无任何条件能达到65%胜率
未达标,000685,科创芯片,2026-07-23,97.8%,97.8%,,,,,0.00%,历史数据中无任何条件能达到65%胜率
未达标,930719,CS精准医,2026-07-23,21.2%,24.4%,,,,,0.00%,历史数据中无任何条件能达到65%胜率
未达标,931160,通信设备,2026-07-23,92.0%,97.0%,10,78.6%,10,100.0%,0.00%,PE需从92.0%降至<10%（差82.0pp，达标概率79%）; PB需从97.0%降至<10%（差87.0pp，达标概率100%）
未达标,932069,港股通医疗主题,2026-07-23,54.9%,77.2%,5,100.0%,,,0.00%,PE需从54.9%降至<5%（差49.9pp，达标概率100%）
未达标,HSSC50,恒生港股通50指数,2026-07-23,64.4%,68.9%,,,,,0.00%,历史数据中无任何条件能达到65%胜率
未达标,H30597,新材料,2026-07-23,57.2%,70.6%,,,10,66.7%,0.00%,PB需从70.6%降至<10%（差60.6pp，达标概率67%）
未达标,930701,CS京津冀,2026-07-23,93.8%,98.8%,,,40,84.6%,0.00%,PB需从98.8%降至<40%（差58.8pp，达标概率85%）
未达标,399673,创业板50,2026-07-23,39.8%,74.2%,,,5,85.7%,0.00%,PB需从74.2%降至<5%（差69.2pp，达标概率86%）
未达标,980017,国证芯片,2026-07-23,94.6%,98.4%,,,,,0.00%,历史数据中无任何条件能达到65%胜率
未达标,FCFQCD,富时中国A股自由现金流聚焦指数,2026-07-23,50.0%,50.0%,,,,,0.00%,历史数据中无任何条件能达到65%胜率
未达标,399293,创业大盘,2026-07-23,43.4%,64.0%,5,70.8%,5,70.8%,0.00%,PE需从43.4%降至<5%（差38.4pp，达标概率71%）; PB需从64.0%降至<5%（差59.0pp，达标概率71%）
未达标,930734,360互联+,2026-07-23,2.2%,27.8%,,,5,87.5%,0.00%,PB需从27.8%降至<5%（差22.8pp，达标概率88%）
