"index_code","index_name","跟踪基金代码","跟踪基金名称","持有3个月正收益概率","持有3个月平均收益率","持有6个月正收益概率","持有6个月平均收益率","持有1年正收益概率","持有1年平均收益率","持有3年正收益概率","持有3年平均收益率"
"H11057","石化产业","020105","易方达石油化工ETF联接C","100.0","28.6178","100.0","27.0487","7.94","-9.4239","0.0","-33.4386"
"399804","中证体育","013278","富国中证体育产业指数(LOF)C","100.0","26.9289","100.0","30.0268","100.0","52.3474","84.21","4.591"
"000811","细分有色","016708","华夏有色金属ETF联接C","95.24","26.0396","89.66","13.0182","0.0","-11.0863","0.0","-30.0493"
"930651","CS计算机","001630","天弘中证计算机ETF联接C","77.63","17.6052","65.33","21.8262","100.0","43.0851","64.29","3.1901"
"000819","有色金属","004433","南方有色金属ETF联接C","76.64","15.7175","100.0","25.9338","100.0","65.0444","75.79","11.6334"
"399624","中创400","005727","嘉实中创400ETF联接C","93.81","15.5386","97.22","18.1007","97.85","29.3717","96.36","16.1385"
"H30318","科技传媒通信150","004371","景顺长城中证科技传媒通信150ETF联接C","72.08","14.5482","93.1","32.4366","100.0","71.4227","0.0","-19.8705"
"399673","创业板50","160424","华安创业板50ETF联接C","88.08","13.5008","87.32","21.2431","39.13","11.6033","0.0","-22.7733"
"000069","消费80","004407","招商上证消费80ETF联接C","90.11","13.4823","100.0","15.1109","100.0","22.355","100.0","102.2568"
"931008","汽车指数","004855","广发中证全指汽车指数C","56.47","12.3486","58.33","11.9888","100.0","38.7104","100.0","39.8648"
"930713","CS人工智","012734","易方达中证人工智能主题ETF联接C","63.84","11.1759","81.97","29.6348","100.0","60.1289","100.0","102.9039"
"399395","国证有色","015596","国泰国证有色金属行业指数(LOF)C","65.63","10.8916","100.0","27.1809","100.0","57.5877","81.97","12.1489"
"000993","全指信息","002974","广发信息技术联接C","63.14","9.2329","83.09","15.3999","75.81","19.3615","24.11","-8.0813"
"H30535","互联网","018533","南方中证互联网指数(LOF)C","61.35","9.1721","60.48","17.6","87.05","37.2417","100.0","88.3258"
"399440","国证钢铁","012810","鹏华国证钢铁行业指数(LOF)C","74.04","9.0739","87.85","10.9426","67.27","17.6407","86.84","8.7005"
"930721","CS智汽车","010956","天弘中证智能汽车指数发起式C","65.97","8.8943","85.76","18.126","97.74","27.3355","100.0","14.1273"
"399971","中证传媒","004753","广发中证传媒ETF联接C","62.43","8.8379","60.5","6.5611","75.95","7.6033","100.0","50.2093"
"399012","创业300","011317","天弘创业板300ETF发起式联接C","81.9","8.6075","72.11","11.5042","29.27","-0.7354","0.0","-38.2049"
"399976","CS新能车","011513","天弘中证新能源车C","52.48","7.5663","71.5","17.2665","76.88","23.1098","25.58","-3.9095"
"000827","中证环保","002984","广发中证环保ETF联接C","51.47","7.1943","65.72","11.0748","74.75","30.2442","34.88","-9.1362"
"H30184","半导体","007301","国联安中证半导体ETF联接C","50.61","6.1968","74.17","19.7994","46.51","3.6984","0.0","-49.9312"
"399959","军工指数","015046","前海开源中航军工指数C","54.56","5.9456","53.82","6.8061","61.28","5.524","56.23","10.1021"
"399610","TMT50","004409","招商深证TMT50ETF联接C","64.53","5.6703","75.72","10.688","74.05","5.839","1.61","-21.6729"
"000964","中证新兴","","","59.31","5.6516","79.93","9.955","62.63","8.0834","13.75","-26.1618"
"399437","证券龙头","015860","宝盈国证证券龙头指数发起C","76.06","5.2171","51.74","1.4328","38.65","-1.1949","100.0","26.3608"
"000935","800信息","012040","鹏华中证信息技术指数(LOF)C","53.71","4.7159","85.24","14.4541","80.93","19.1279","19.02","-11.2968"
"000009","上证380","024950","易方达上证380ETF联接C","67.03","4.7058","92.37","11.7181","100.0","15.5368","3.81","-6.4639"
"000814","细分医药","000376","华安中证细分医药ETF联接C","57.46","4.68","53.8","5.3786","32.58","-3.6057","2.27","-36.7239"
"930608","中证基建","017684","华夏中证基建ETF发起式联接C","66.97","4.577","76.04","5.4654","62.69","5.2105","91.23","10.9467"
"930601","软件服务","012620","嘉实中证软件服务ETF联接C","33.13","4.5541","31.45","0.6889","96.45","32.7082","65.82","1.8384"
"000941","新能源","","","62.87","4.4923","57.58","4.0752","58.21","15.2584","2.11","-45.6035"
"399007","深证300","018058","汇添富深证300ETF联接C","73.42","4.2653","76.03","6.6198","74.69","2.9326","0.0","-30.4694"
"399005","中小100","012872","易方达中小企业100(LOF)C","63.06","4.1151","65.46","9.1849","52.32","5.1562","51.04","0.0088"
"930712","CS物联网","019976","华夏物联网ETF联接C","79.17","3.7772","90.91","7.8992","0.0","-15.1833","100.0","35.7839"
"H30590","机器人","014881","天弘中证机器人ETF发起联接C","65.38","3.7627","56.33","0.5016","57.41","4.428","100.0","33.7707"
"H11054","装备产业","018316","易方达中证装备产业ETF联接发起式C","54.92","3.6401","59.23","6.2319","60.07","16.0895","0.0","-31.5888"
"000977","内地低碳","012755","鹏华内地低碳联接C","37.5","3.5899","62.62","11.3635","77.5","31.6256","47.58","19.534"
"399006","创业板指","001593","天弘创业板ETF联接C","50.83","3.327","67.21","7.3377","53.72","8.0114","38.91","-11.9308"
"399364","消费100","","","55.34","3.1681","65.34","9.0933","51.38","6.7932","7.91","-26.2652"
"000949","中证农业","010770","天弘中证农业主题ETF联接C","64.39","3.1057","64.4","4.5047","51.04","3.7252","0.0","-23.4788"
"HSCAIT","恒生A股行业龙头","001149","汇丰晋信恒生龙头指数C","57.58","3.0403","50.82","1.0188","28.88","-7.5487","53.41","1.1506"
"000066","上证商品","015577","国联安上证商品ETF联接C","50.0","3.0101","70.21","9.4652","90.7","63.5401","84.0","29.2841"
"930606","中证钢铁","008190","国泰中证钢铁ETF联接C","69.77","2.9227","15.63","-9.5148","67.74","17.2219","100.0","16.7017"
"399998","中证煤炭","013275","富国中证煤炭指数(LOF)C","67.51","2.9118","54.82","3.2024","54.55","0.9947","88.24","6.1459"
"000979","大宗商品","","","50.44","2.8844","74.14","6.5441","100.0","62.1872","100.0","21.3341"
"000805","A股资源","012808","鹏华中证A股资源产业指数(LOF)C","49.06","2.698","70.0","8.7649","100.0","70.1816","100.0","34.6823"
"399412","国证新能","013453","交银国证新能源指数(LOF)C","42.08","2.6873","48.5","3.4827","61.79","8.7938","12.17","-7.9749"
"000906","中证800","","","72.89","2.5624","73.24","3.5092","58.47","-2.6094","3.23","-23.8968"
"399004","深证100R","004876","融通深证100指数C","57.05","2.5127","53.78","4.472","40.43","-3.6857","29.81","-11.7776"
"H30588","中证证保","001553","天弘中证证券保险C","43.93","2.3127","65.13","5.6267","68.53","2.8527","100.0","7.1707"
"399330","深证100","004742","易方达深证100ETF联接C","56.62","2.2798","51.08","3.8691","40.35","-4.8953","27.86","-15.511"
"399102","创业板综","020272","万家创业板综合ETF发起式联接C","56.64","2.2048","54.3","4.8347","43.21","8.1897","18.15","-11.522"
"399995","基建工程","005224","广发中证基建工程ETF联接C","52.16","1.9065","71.03","2.5528","71.65","5.5606","0.0","-10.5044"
"000934","800金地","005999","嘉实中证金融地产ETF联接C","54.66","1.7574","68.26","5.0231","73.6","5.5756","46.8","-7.7514"
"H11052","智能电车","013476","华宝中证智能电动汽车ETF发起式联接C","46.84","1.7362","100.0","8.4526","100.0","38.0405","99.42","16.1037"
"399812","养老产业","002982","广发养老指数C","56.49","1.7079","65.6","2.8302","66.77","6.6571","50.82","1.402"
"931009","建筑材料","004857","广发中证全指建筑材料指数C","50.0","1.6448","50.0","-2.4425","0.0","-12.1791","0.0","-35.6129"
"399966","800证保","015693","鹏华中证800证券保险指数(LOF)C","39.61","1.4828","57.46","4.0589","53.93","-1.7642","5.26","-25.7385"
"399606","创业板R","010786","博时创业板指数C","48.3","1.4531","71.43","2.7286","61.48","8.5251","25.93","-10.2988"
"000300","沪深300","007339","易方达沪深300ETF联接C","64.13","1.3718","56.36","0.5722","36.82","-7.1853","6.85","-24.7286"
"000944","内地资源","011607","民生中证内地资源主题指数C","48.23","1.3432","38.5","4.6281","21.49","-1.4208","100.0","65.6454"
"399974","国企改革","012873","易方达中证国企改革(LOF)C","56.25","1.2651","73.75","3.5323","61.9","2.6922","100.0","12.7979"
"000068","上证资源","019910","博时上证自然资源ETF联接C","50.64","1.254","42.57","3.9926","40.76","4.084","100.0","59.6071"
"000992","金融地产","002979","广发中证全指金融地产联接C","49.28","1.1386","54.76","1.4866","39.62","-2.9374","0.0","-21.2829"
"H30199","电力指数","016186","广发电力ETF联接C","62.44","1.1295","54.15","1.0186","65.14","3.843","79.71","13.1206"
"000812","细分机械","","","39.3","0.9755","59.52","9.6733","72.13","17.6656","0.0","-37.6964"
"930719","CS精准医","501006","汇添富中证精准医疗指数(LOF)C","36.76","0.9623","52.07","2.7081","90.06","31.8264","20.0","-8.9725"
"000961","中证上游","021461","国投瑞银中证资源指数(LOF)C","46.23","0.9255","64.0","5.2492","87.8","67.7364","81.25","33.0029"
"399368","国证军工","015599","国泰国证航天军工指数(LOF)C","50.38","0.8912","54.52","3.3669","63.83","10.1024","62.7","15.1175"
"000989","全指可选","002977","广发中证全指可选消费联接C","51.65","0.8399","59.23","0.0186","55.6","0.9819","65.31","5.8449"
"000903","中证A100","007136","广发中证A100ETF联接C","51.49","0.8398","58.27","2.5893","51.27","2.4433","26.46","-14.9746"
"000847","腾讯济安","","","46.84","0.8249","74.0","2.8464","100.0","18.8367","0.0","-12.9597"
"000010","上证180","023149","兴业上证180ETF联接C","52.92","0.7185","49.03","-0.8784","31.74","-6.5778","6.43","-23.1107"
"980030","消费电子","018301","华夏消费电子ETF联接C","51.43","0.6262","10.11","-7.7913","22.37","-2.2676","100.0","123.5235"
"000905","中证500","007029","易方达中证500ETF联接发起式C","63.18","0.6192","66.84","6.0466","29.33","-12.6776","0.0","-42.8045"
"399970","移动互联","014173","富国中证移动互联网指数(LOF)C","35.16","0.5514","42.64","2.8187","60.16","14.2394","100.0","68.7529"
"930697","家用电器","005064","广发中证全指家用电器ETF联接C","60.13","0.4881","59.45","2.6587","78.62","5.7954","100.0","22.4949"
"399438","绿色电力","017175","天弘国证绿色电力指数发起C","52.71","0.4025","62.55","3.2566","63.42","3.7616","75.0","8.11"
"399313","巨潮100","","","49.39","0.3144","40.06","-0.6173","30.47","-9.1113","8.68","-22.5293"
"000018","180金融","014994","国泰金融ETF联接C","46.21","0.2034","41.43","-2.3366","23.35","-7.734","72.04","-0.1815"
"H30171","运输指数","019405","华夏中证全指运输ETF发起式联接C","53.42","0.1885","44.85","-0.2013","56.11","0.5881","2.21","-6.142"
"399417","新能源车","014997","国泰国证新能源汽车指数C","23.59","0.1351","25.14","-7.0348","29.5","-11.611","100.0","14.7424"
"000998","中证TMT","013122","中信保诚中证TMT(LOF)C","33.1","0.1154","37.04","3.8689","2.41","-8.022","0.0","-27.515"
"399806","环境治理","501031","汇添富中证环境治理指数(LOF)C","52.08","0.107","60.82","4.8022","85.57","13.8773","100.0","15.3002"
"H30035","300非银","007882","易方达证券保险ETF联接C","32.44","0.0795","47.32","1.738","53.33","-2.7911","5.45","-28.7993"
"000995","全指公用","022873","华夏公用事业ETF联接C","40.52","0.0747","45.25","0.6688","51.74","3.3532","93.58","18.045"
"000914","300金融","","","53.16","0.0357","60.41","1.7591","66.34","4.4393","51.97","-1.5665"
"399310","国证A50","010954","天弘国证A50指数C","41.34","-0.0577","58.08","3.4964","73.63","8.706","0.0","-32.2383"
"000016","上证50","001549","天弘上证50ETF联接C","50.24","-0.2498","54.51","0.4603","64.85","5.069","57.93","7.3853"
"000044","上证中盘","004743","易方达上证中盘ETF联接C","41.49","-0.2501","49.46","0.5145","56.82","2.7665","96.95","14.3197"
"H11059","工业有色","017193","天弘中证工业有色金属主题ETF发起联接C","37.84","-0.2721","57.89","-0.2133","0.0","-40.5228","100.0","53.904"
"000043","超大盘","","","49.78","-0.3055","37.21","-2.788","1.82","-12.6228","76.65","-2.385"
"H30178","医疗保健","019453","南方中证全指医疗保健设备与服务ETF发起联接C","37.84","-0.3392","46.79","-1.0801","24.18","-4.4102","0.0","-47.9285"
"399707","CSSW证券","015598","国泰中证申万证券行业指数(LOF)C","33.17","-0.3678","33.15","-2.8015","26.15","-4.2799","100.0","14.5181"
"H30202","软件指数","012637","国泰中证全指软件ETF联接C","52.48","-0.4388","35.66","-0.9033","26.85","-13.4816","26.38","-20.9627"
"000001","上证指数","013286","富国上证指数ETF联接C","50.59","-0.4863","56.16","1.1332","56.2","1.4827","15.32","-16.0169"
"000991","全指医药","002978","广发医药卫生联接C","40.9","-0.6178","55.88","3.4222","63.03","9.2612","58.24","-10.1728"
"399992","CSWD并购","","","50.0","-0.706","63.64","9.2918","49.66","5.9716","100.0","32.6348"
"399303","国证2000","016789","万家国证2000ETF发起联接C","43.77","-0.8138","38.79","-1.9082","26.1","-3.4419","92.53","18.4405"
"000932","800消费","012857","汇添富中证主要消费ETF联接C","41.56","-1.0108","30.23","-3.7764","21.56","-4.9869","60.58","78.5459"
"000815","细分食品","013126","华夏食品饮料ETF联接C","42.34","-1.0634","24.41","-5.0023","16.71","-8.8758","0.0","-30.7012"
"399975","证券公司","004070","南方中证全指证券公司ETF联接C","44.4","-1.0663","39.26","-4.5945","17.17","-9.5894","36.09","-7.7682"
"000985","中证全指","","","47.97","-1.6372","53.37","-0.837","54.65","-0.5634","15.33","-13.0175"
"399001","深证成指","004345","南方深证成份ETF联接C","48.32","-1.6515","43.23","-3.7298","26.82","-14.5791","3.38","-28.9918"
"000978","医药100","001551","天弘中证医药100C","37.0","-1.9033","37.04","-3.503","40.14","-6.8187","0.0","-38.3582"
"930653","CS食品饮","001632","天弘中证食品饮料ETF联接C","37.94","-1.9699","27.2","-4.0688","18.81","-5.327","0.0","-33.7064"
"000913","300医药","007883","易方达医药ETF联接C","38.73","-2.3327","43.45","-1.572","46.89","6.5185","47.28","2.5038"
"H00813","细分化工全收益","","","37.57","-2.5378","32.8","-4.9298","42.94","1.2547","50.0","-13.9918"
"399396","国证食品","015040","国泰国证食品饮料行业(LOF)C","36.15","-2.6686","21.21","-5.3453","13.97","-7.7343","0.0","-13.2022"
"H30217","医疗器械","013416","永赢中证全指医疗器械ETF发起联接C","20.93","-2.8694","5.71","-6.9573","0.0","-20.4922","0.0","-57.6998"
"399989","中证医疗","012323","华宝医疗ETF联接C","33.83","-2.8726","47.32","-3.7783","34.95","-4.4783","0.0","-34.2863"
"H30015","800汽车","012974","国泰汽车整车ETF联接C","26.52","-2.9008","43.46","-1.6719","33.59","-1.934","91.74","24.3778"
"000813","细分化工","020274","富国中证细分化工产业主题ETF发起式联接C","34.61","-3.1446","29.37","-5.1887","37.7","-0.9634","55.48","-11.7889"
"000808","医药生物","015176","申万菱信中证申万医药生物指数(LOF)C","26.16","-3.431","16.06","-6.7788","21.88","-11.667","21.1","-38.7693"
"000904","中证200","","","64.62","-3.4908","49.3","-6.4561","0.0","-36.6306","0.0","-39.1435"
"399986","中证银行","001595","天弘中证银行ETF联接C","11.59","-3.6014","0.0","-6.7498","50.0","-1.6559","0.0","-20.5448"
"000933","800医卫","007077","汇添富中证医药ETF联接C","31.49","-3.6955","38.1","-1.7108","65.6","11.4962","53.14","-14.3533"
"399987","中证酒","012043","鹏华酒C","36.49","-4.256","12.87","-8.2918","8.52","-12.7826","0.0","-44.8459"
"000841","800医药","013080","中信保诚中证800医药指数(LOF)C","20.45","-4.4647","12.6","-10.1256","11.03","-23.6179","0.0","-49.3143"
"399997","中证白酒","012414","招商中证白酒指数(LOF)C","38.07","-4.6885","10.76","-9.002","7.71","-15.3709","0.0","-53.174"
"399967","中证军工","005693","广发中证军工ETF联接C","34.59","-4.7805","12.32","-13.2062","15.44","-8.8038","16.22","-19.347"
"H30372","中证安全","","","17.93","-5.2205","9.19","-12.2416","34.2","-13.1336","26.37","-2.8767"
"399994","信息安全","013083","中信保诚中证信息安全指数(LOF)C","26.49","-5.3105","13.0","-10.8417","47.43","-10.3386","44.44","1.1838"
"399965","800地产","015674","鹏华中证800地产指数(LOF)C","14.29","-5.3575","0.0","-9.8746","3.49","-13.6734","0.0","-48.0929"
"399393","国证地产","015042","国泰国证房地产行业指数C","13.57","-5.4446","2.74","-11.4011","0.69","-20.6501","0.0","-38.7463"
"399394","国证医药","010144","国泰国证医药卫生行业指数C","9.09","-7.3405","0.0","-14.1887","0.0","-32.0557","0.0","-52.812"
"930720","CS互医疗","501008","汇添富中证互联网医疗指数(LOF)C","0.0","-11.8065","35.86","-2.3544","61.57","9.8754","0.0","-22.2879"
